run_id,experiment_id,status,artifact_uri,start_time,end_time,metrics.sparse_top_k_categorical_accuracy,metrics.running_time,metrics.running_time_total,metrics.loss,metrics.sparse_categorical_accuracy,metrics.power_draw_total,metrics.power_draw,params.batch_size,params.parameters,params.n_samples,params.task,params.architecture,params.software,params.seconds,params.batchsize,params.datadir,params.model,params.dataset,tags.mlflow.project.entryPoint,tags.mlflow.source.git.repoURL,tags.mlflow.source.name,tags.mlflow.project.env,tags.mlflow.user,tags.mlflow.source.git.commit,tags.mlflow.project.backend,tags.mlflow.runName,tags.mlflow.source.type
57dcbdddf8e747488da2384d039c7c22,922568943349878837,FINISHED,file:///home/fischer/repos/ai-energy-validation/mlruns/922568943349878837/57dcbdddf8e747488da2384d039c7c22/artifacts,2025-09-17 09:09:34.050000+00:00,2025-09-17 09:12:30.595000+00:00,0.9312499761581421,0.030943665278133872,118.82367466803407,0.9865365624427795,0.7789062261581421,28494.3270504294,7.420397669382656,16,28589128,3840.0,Inference,13th Gen Intel(R) Core(TM) i9-13900K,Tensorflow 2.20.0,120,16,/data/d1/fischer_diss/imagenet,ConvNeXtTiny,ImageNet (ILSVRC 2012),main.py,https://github.com/raphischer/ai-energy-validation.git,file:///home/fischer/repos/ai-energy-validation#experiments/imagenet,conda,fischer,8748110aced22fd68117295a83bd4c322af24d42,local,enthused-smelt-906,PROJECT
34f19c4aecba4e0ebdece19c68f913b4,922568943349878837,FINISHED,file:///home/fischer/repos/ai-energy-validation/mlruns/922568943349878837/34f19c4aecba4e0ebdece19c68f913b4/artifacts,2025-09-17 09:06:25.654000+00:00,2025-09-17 09:09:30.027000+00:00,0.9459821581840515,0.05343954025803604,119.70457017800072,0.8732492923736572,0.8004464507102966,29039.676819350756,12.96414143721016,16,50223688,2240.0,Inference,13th Gen Intel(R) Core(TM) i9-13900K,Tensorflow 2.20.0,120,16,/data/d1/fischer_diss/imagenet,ConvNeXtSmall,ImageNet (ILSVRC 2012),main.py,https://github.com/raphischer/ai-energy-validation.git,file:///home/fischer/repos/ai-energy-validation#experiments/imagenet,conda,fischer,8748110aced22fd68117295a83bd4c322af24d42,local,learned-ape-535,PROJECT
a77ba21defb74532b3f87575d956f4a5,922568943349878837,FINISHED,file:///home/fischer/repos/ai-energy-validation/mlruns/922568943349878837/a77ba21defb74532b3f87575d956f4a5/artifacts,2025-09-17 09:03:14.361000+00:00,2025-09-17 09:06:21.615000+00:00,0.960349440574646,0.07953591050200855,118.34943482698873,0.7280377745628357,0.8198924660682678,29027.93269905144,19.508019286996934,16,88591464,1488.0,Inference,13th Gen Intel(R) Core(TM) i9-13900K,Tensorflow 2.20.0,120,16,/data/d1/fischer_diss/imagenet,ConvNeXtBase,ImageNet (ILSVRC 2012),main.py,https://github.com/raphischer/ai-energy-validation.git,file:///home/fischer/repos/ai-energy-validation#experiments/imagenet,conda,fischer,8748110aced22fd68117295a83bd4c322af24d42,local,hilarious-snipe-457,PROJECT
751ae8911aa548ff90b8095e4b93aaf8,922568943349878837,FINISHED,file:///home/fischer/repos/ai-energy-validation/mlruns/922568943349878837/751ae8911aa548ff90b8095e4b93aaf8/artifacts,2025-09-17 09:00:09.773000+00:00,2025-09-17 09:03:10.402000+00:00,0.8653136491775513,0.0273792346369933,118.71636138600296,1.44222092628479,0.6628229022026062,28678.550986398237,6.614056961807711,16,143667240,4336.0,Inference,13th Gen Intel(R) Core(TM) i9-13900K,Tensorflow 2.20.0,120,16,/data/d1/fischer_diss/imagenet,VGG19,ImageNet (ILSVRC 2012),main.py,https://github.com/raphischer/ai-energy-validation.git,file:///home/fischer/repos/ai-energy-validation#experiments/imagenet,conda,fischer,8748110aced22fd68117295a83bd4c322af24d42,local,smiling-elk-222,PROJECT
f33592c5379a4aa686ec62cf3fd61510,922568943349878837,FINISHED,file:///home/fischer/repos/ai-energy-validation/mlruns/922568943349878837/f33592c5379a4aa686ec62cf3fd61510/artifacts,2025-09-17 08:57:07.328000+00:00,2025-09-17 09:00:05.886000+00:00,0.8642751574516296,0.022023933752774956,119.10543373500695,1.4060059785842896,0.6710429191589355,28873.383215270038,5.339013168504075,16,138357544,5408.0,Inference,13th Gen Intel(R) Core(TM) i9-13900K,Tensorflow 2.20.0,120,16,/data/d1/fischer_diss/imagenet,VGG16,ImageNet (ILSVRC 2012),main.py,https://github.com/raphischer/ai-energy-validation.git,file:///home/fischer/repos/ai-energy-validation#experiments/imagenet,conda,fischer,8748110aced22fd68117295a83bd4c322af24d42,local,likeable-pug-214,PROJECT
0bc45aa8678c43abab26e41d1028f8bc,922568943349878837,FINISHED,file:///home/fischer/repos/ai-energy-validation/mlruns/922568943349878837/0bc45aa8678c43abab26e41d1028f8bc/artifacts,2025-09-17 08:54:08.633000+00:00,2025-09-17 08:57:03.225000+00:00,0.9337565302848816,0.019477284571782622,119.66843640903244,0.9772047400474548,0.7805989384651184,29185.407774313197,4.750229129933788,16,22910480,6144.0,Inference,13th Gen Intel(R) Core(TM) i9-13900K,Tensorflow 2.20.0,120,16,/data/d1/fischer_diss/imagenet,Xception,ImageNet (ILSVRC 2012),main.py,https://github.com/raphischer/ai-energy-validation.git,file:///home/fischer/repos/ai-energy-validation#experiments/imagenet,conda,fischer,8748110aced22fd68117295a83bd4c322af24d42,local,luxuriant-pug-776,PROJECT
7b1feac6cb6247839108534c1c7e1e29,922568943349878837,FINISHED,file:///home/fischer/repos/ai-energy-validation/mlruns/922568943349878837/7b1feac6cb6247839108534c1c7e1e29/artifacts,2025-09-17 08:51:23.477000+00:00,2025-09-17 08:54:04.723000+00:00,0.8809847235679626,0.002633308011815816,120.12097826699028,1.3484567403793335,0.6949754357337952,31344.81578671104,0.6871452075304946,16,5326716,45616.0,Inference,13th Gen Intel(R) Core(TM) i9-13900K,Tensorflow 2.20.0,120,16,/data/d1/fischer_diss/imagenet,NASNetMobile,ImageNet (ILSVRC 2012),main.py,https://github.com/raphischer/ai-energy-validation.git,file:///home/fischer/repos/ai-energy-validation#experiments/imagenet,conda,fischer,8748110aced22fd68117295a83bd4c322af24d42,local,painted-boar-299,PROJECT
8fab52d2d0a14952ac11032cdcdddcbd,922568943349878837,FINISHED,file:///home/fischer/repos/ai-energy-validation/mlruns/922568943349878837/8fab52d2d0a14952ac11032cdcdddcbd/artifacts,2025-09-17 08:48:21.542000+00:00,2025-09-17 08:51:19.501000+00:00,0.9644173979759216,0.022031499841080923,119.49885513802292,0.7173101902008057,0.8342551589012146,29423.95520225112,5.424770501889956,16,21612360,5424.0,Inference,13th Gen Intel(R) Core(TM) i9-13900K,Tensorflow 2.20.0,120,16,/data/d1/fischer_diss/imagenet,EfficientNetV2S,ImageNet (ILSVRC 2012),main.py,https://github.com/raphischer/ai-energy-validation.git,file:///home/fischer/repos/ai-energy-validation#experiments/imagenet,conda,fischer,8748110aced22fd68117295a83bd4c322af24d42,local,wistful-swan-148,PROJECT
c5f29b4202fe4475864021560d3b60e8,922568943349878837,FINISHED,file:///home/fischer/repos/ai-energy-validation/mlruns/922568943349878837/c5f29b4202fe4475864021560d3b60e8/artifacts,2025-09-17 08:45:26.877000+00:00,2025-09-17 08:48:17.702000+00:00,0.9503991007804871,0.0087092741736738,122.20853520499077,0.8164764642715454,0.8098631501197815,30065.97970726308,2.142672442079752,16,14467622,14032.0,Inference,13th Gen Intel(R) Core(TM) i9-13900K,Tensorflow 2.20.0,120,16,/data/d1/fischer_diss/imagenet,EfficientNetV2B3,ImageNet (ILSVRC 2012),main.py,https://github.com/raphischer/ai-energy-validation.git,file:///home/fischer/repos/ai-energy-validation#experiments/imagenet,conda,fischer,8748110aced22fd68117295a83bd4c322af24d42,local,kindly-rat-410,PROJECT
933509aa616d4fdebc46b6385207e256,922568943349878837,FINISHED,file:///home/fischer/repos/ai-energy-validation/mlruns/922568943349878837/933509aa616d4fdebc46b6385207e256/artifacts,2025-09-17 08:42:38.524000+00:00,2025-09-17 08:45:23.056000+00:00,0.9303314089775085,0.00528816424042776,123.19307414500508,0.9569322466850281,0.778245210647583,30213.32824404576,1.2969320159703708,16,10178374,23296.0,Inference,13th Gen Intel(R) Core(TM) i9-13900K,Tensorflow 2.20.0,120,16,/data/d1/fischer_diss/imagenet,EfficientNetV2B2,ImageNet (ILSVRC 2012),main.py,https://github.com/raphischer/ai-energy-validation.git,file:///home/fischer/repos/ai-energy-validation#experiments/imagenet,conda,fischer,8748110aced22fd68117295a83bd4c322af24d42,local,clumsy-foal-836,PROJECT
7d894d62ccb0463eb2b7a85a0fec2307,922568943349878837,FINISHED,file:///home/fischer/repos/ai-energy-validation/mlruns/922568943349878837/7d894d62ccb0463eb2b7a85a0fec2307/artifacts,2025-09-17 08:39:50.805000+00:00,2025-09-17 08:42:34.705000+00:00,0.9224469661712646,0.003992993624104138,120.42868770298082,1.0270932912826538,0.7612400650978088,29912.71085407188,0.991800757761004,16,8212124,30160.0,Inference,13th Gen Intel(R) Core(TM) i9-13900K,Tensorflow 2.20.0,120,16,/data/d1/fischer_diss/imagenet,EfficientNetV2B1,ImageNet (ILSVRC 2012),main.py,https://github.com/raphischer/ai-energy-validation.git,file:///home/fischer/repos/ai-energy-validation#experiments/imagenet,conda,fischer,8748110aced22fd68117295a83bd4c322af24d42,local,brawny-sow-823,PROJECT
7776f5d70f0544c6be44cdc68b9a2254,922568943349878837,FINISHED,file:///home/fischer/repos/ai-energy-validation/mlruns/922568943349878837/7776f5d70f0544c6be44cdc68b9a2254/artifacts,2025-09-17 08:37:23.628000+00:00,2025-09-17 08:39:47.093000+00:00,0.9101622700691223,0.003368315703922468,104.60641250101617,1.1231861114501953,0.739567220211029,15655.21395471864,0.5040962762338562,16,7200312,31056.0,Inference,13th Gen Intel(R) Core(TM) i9-13900K,Tensorflow 2.20.0,120,16,/data/d1/fischer_diss/imagenet,EfficientNetV2B0,ImageNet (ILSVRC 2012),main.py,https://github.com/raphischer/ai-energy-validation.git,file:///home/fischer/repos/ai-energy-validation#experiments/imagenet,conda,fischer,8748110aced22fd68117295a83bd4c322af24d42,local,gentle-wolf-953,PROJECT
a657786b00ab4e29b279bb16fdd1d219,922568943349878837,FINISHED,file:///home/fischer/repos/ai-energy-validation/mlruns/922568943349878837/a657786b00ab4e29b279bb16fdd1d219/artifacts,2025-09-17 08:34:19.117000+00:00,2025-09-17 08:37:19.758000+00:00,0.9599103331565857,0.029916869372516027,120.14614740002436,0.8587579131126404,0.8251991868019104,29735.33056398288,7.4042157778841835,16,19466823,4016.0,Inference,13th Gen Intel(R) Core(TM) i9-13900K,Tensorflow 2.20.0,120,16,/data/d1/fischer_diss/imagenet,EfficientNetB4,ImageNet (ILSVRC 2012),main.py,https://github.com/raphischer/ai-energy-validation.git,file:///home/fischer/repos/ai-energy-validation#experiments/imagenet,conda,fischer,8748110aced22fd68117295a83bd4c322af24d42,local,spiffy-calf-174,PROJECT
b416b5a891e0495aa43d7d70764bd1a7,922568943349878837,FINISHED,file:///home/fischer/repos/ai-energy-validation/mlruns/922568943349878837/b416b5a891e0495aa43d7d70764bd1a7/artifacts,2025-09-17 08:31:23.277000+00:00,2025-09-17 08:34:15.476000+00:00,0.9497188329696655,0.012886302354993807,119.17252417898273,0.8454097509384155,0.8097966909408569,29887.95770253864,3.2318293363471713,16,12320535,9248.0,Inference,13th Gen Intel(R) Core(TM) i9-13900K,Tensorflow 2.20.0,120,16,/data/d1/fischer_diss/imagenet,EfficientNetB3,ImageNet (ILSVRC 2012),main.py,https://github.com/raphischer/ai-energy-validation.git,file:///home/fischer/repos/ai-energy-validation#experiments/imagenet,conda,fischer,8748110aced22fd68117295a83bd4c322af24d42,local,fortunate-elk-994,PROJECT
a93101a3a50f42b1a2195c6bd7eb0c56,922568943349878837,FINISHED,file:///home/fischer/repos/ai-energy-validation/mlruns/922568943349878837/a93101a3a50f42b1a2195c6bd7eb0c56/artifacts,2025-09-17 08:28:32.735000+00:00,2025-09-17 08:31:19.391000+00:00,0.9322733283042908,0.006584054887817202,119.67178164096548,0.9920918345451355,0.7753630876541138,30772.62680411592,1.6930362458250396,16,9177569,18176.0,Inference,13th Gen Intel(R) Core(TM) i9-13900K,Tensorflow 2.20.0,120,16,/data/d1/fischer_diss/imagenet,EfficientNetB2,ImageNet (ILSVRC 2012),main.py,https://github.com/raphischer/ai-energy-validation.git,file:///home/fischer/repos/ai-energy-validation#experiments/imagenet,conda,fischer,8748110aced22fd68117295a83bd4c322af24d42,local,rumbling-vole-632,PROJECT
c561a6f159f949ef9811b4d1e70f3438,922568943349878837,FINISHED,file:///home/fischer/repos/ai-energy-validation/mlruns/922568943349878837/c561a6f159f949ef9811b4d1e70f3438/artifacts,2025-09-17 08:25:50.896000+00:00,2025-09-17 08:28:29.070000+00:00,0.8953791260719299,0.003422433392653919,115.5413513359963,1.2650291919708252,0.715936005115509,27665.49442007016,0.819475545618192,16,5330571,33760.0,Inference,13th Gen Intel(R) Core(TM) i9-13900K,Tensorflow 2.20.0,120,16,/data/d1/fischer_diss/imagenet,EfficientNetB0,ImageNet (ILSVRC 2012),main.py,https://github.com/raphischer/ai-energy-validation.git,file:///home/fischer/repos/ai-energy-validation#experiments/imagenet,conda,fischer,8748110aced22fd68117295a83bd4c322af24d42,local,colorful-zebra-281,PROJECT
ff597d2fadd74d79a4934155f9cdd9be,922568943349878837,FINISHED,file:///home/fischer/repos/ai-energy-validation/mlruns/922568943349878837/ff597d2fadd74d79a4934155f9cdd9be/artifacts,2025-09-17 08:23:15.626000+00:00,2025-09-17 08:25:47.052000+00:00,0.8393142223358154,0.003159469409401587,110.75835961598204,1.659447431564331,0.6339285969734192,4800.62971001448,0.13694174207024418,16,2554968,35056.0,Inference,13th Gen Intel(R) Core(TM) i9-13900K,Tensorflow 2.20.0,120,16,/data/d1/fischer_diss/imagenet,MobileNetV3Small,ImageNet (ILSVRC 2012),main.py,https://github.com/raphischer/ai-energy-validation.git,file:///home/fischer/repos/ai-energy-validation#experiments/imagenet,conda,fischer,8748110aced22fd68117295a83bd4c322af24d42,local,intelligent-cod-201,PROJECT
c17d66b4014f4ccd875534ca37c70c51,922568943349878837,FINISHED,file:///home/fischer/repos/ai-energy-validation/mlruns/922568943349878837/c17d66b4014f4ccd875534ca37c70c51/artifacts,2025-09-17 08:20:41.430000+00:00,2025-09-17 08:23:11.810000+00:00,0.8923434615135193,0.005622589588620184,106.33441429998491,1.2833423614501953,0.7122990489006042,5052.86815872672,0.2671778848734518,16,5507432,18912.0,Inference,13th Gen Intel(R) Core(TM) i9-13900K,Tensorflow 2.20.0,120,16,/data/d1/fischer_diss/imagenet,MobileNetV3Large,ImageNet (ILSVRC 2012),main.py,https://github.com/raphischer/ai-energy-validation.git,file:///home/fischer/repos/ai-energy-validation#experiments/imagenet,conda,fischer,8748110aced22fd68117295a83bd4c322af24d42,local,enthused-rat-279,PROJECT
db6f7cf6874d43c99d4b186fab58fada,922568943349878837,FINISHED,file:///home/fischer/repos/ai-energy-validation/mlruns/922568943349878837/db6f7cf6874d43c99d4b186fab58fada/artifacts,2025-09-17 08:18:10.213000+00:00,2025-09-17 08:20:37.615000+00:00,0.8266559839248657,0.0024190457333292024,108.6828867070144,1.7876840829849243,0.6153178215026855,27827.502391572838,0.6193799499548798,16,3538984,44928.0,Inference,13th Gen Intel(R) Core(TM) i9-13900K,Tensorflow 2.20.0,120,16,/data/d1/fischer_diss/imagenet,MobileNetV2,ImageNet (ILSVRC 2012),main.py,https://github.com/raphischer/ai-energy-validation.git,file:///home/fischer/repos/ai-energy-validation#experiments/imagenet,conda,fischer,8748110aced22fd68117295a83bd4c322af24d42,local,puzzled-mole-157,PROJECT
1cddb4ef8d4047d0be0f4ac405cb5704,922568943349878837,FINISHED,file:///home/fischer/repos/ai-energy-validation/mlruns/922568943349878837/1cddb4ef8d4047d0be0f4ac405cb5704/artifacts,2025-09-17 08:15:31.249000+00:00,2025-09-17 08:18:06.834000+00:00,0.8230244517326355,0.0021336770125365534,118.8031360580353,1.810309648513794,0.612949013710022,30565.792355389924,0.5489546040838708,16,4253864,55680.0,Inference,13th Gen Intel(R) Core(TM) i9-13900K,Tensorflow 2.20.0,120,16,/data/d1/fischer_diss/imagenet,MobileNet,ImageNet (ILSVRC 2012),main.py,https://github.com/raphischer/ai-energy-validation.git,file:///home/fischer/repos/ai-energy-validation#experiments/imagenet,conda,fischer,8748110aced22fd68117295a83bd4c322af24d42,local,dazzling-gnu-228,PROJECT
107ab0ff9a944cd9a6aec1f2cd86e930,922568943349878837,FINISHED,file:///home/fischer/repos/ai-energy-validation/mlruns/922568943349878837/107ab0ff9a944cd9a6aec1f2cd86e930/artifacts,2025-09-17 08:12:35.456000+00:00,2025-09-17 08:15:27.321000+00:00,0.9297252297401428,0.00919760199297998,121.84983120299876,1.0108397006988525,0.7692481875419617,30162.758583895917,2.2767782747505976,16,23851784,13248.0,Inference,13th Gen Intel(R) Core(TM) i9-13900K,Tensorflow 2.20.0,120,16,/data/d1/fischer_diss/imagenet,InceptionV3,ImageNet (ILSVRC 2012),main.py,https://github.com/raphischer/ai-energy-validation.git,file:///home/fischer/repos/ai-energy-validation#experiments/imagenet,conda,fischer,8748110aced22fd68117295a83bd4c322af24d42,local,aged-moose-976,PROJECT
54f0d73a9f274d16b5bc5430115c41bd,922568943349878837,FINISHED,file:///home/fischer/repos/ai-energy-validation/mlruns/922568943349878837/54f0d73a9f274d16b5bc5430115c41bd/artifacts,2025-09-17 08:09:30.479000+00:00,2025-09-17 08:12:31.776000+00:00,0.9415014982223511,0.022763264311745333,119.4616111080395,0.9174167513847351,0.7898247241973877,29609.065709711278,5.641971362368765,16,55873736,5248.0,Inference,13th Gen Intel(R) Core(TM) i9-13900K,Tensorflow 2.20.0,120,16,/data/d1/fischer_diss/imagenet,InceptionResNetV2,ImageNet (ILSVRC 2012),main.py,https://github.com/raphischer/ai-energy-validation.git,file:///home/fischer/repos/ai-energy-validation#experiments/imagenet,conda,fischer,8748110aced22fd68117295a83bd4c322af24d42,local,bald-penguin-549,PROJECT
af033ef4fbf04624b829d4821db0c0fc,922568943349878837,FINISHED,file:///home/fischer/repos/ai-energy-validation/mlruns/922568943349878837/af033ef4fbf04624b829d4821db0c0fc/artifacts,2025-09-17 08:06:30.023000+00:00,2025-09-17 08:09:26.640000+00:00,0.8676562309265137,0.018692210104836703,119.6301446709549,1.7726658582687378,0.6756250262260437,28941.272543421,4.5220738349095315,16,60380648,6400.0,Inference,13th Gen Intel(R) Core(TM) i9-13900K,Tensorflow 2.20.0,120,16,/data/d1/fischer_diss/imagenet,ResNet152V2,ImageNet (ILSVRC 2012),main.py,https://github.com/raphischer/ai-energy-validation.git,file:///home/fischer/repos/ai-energy-validation#experiments/imagenet,conda,fischer,8748110aced22fd68117295a83bd4c322af24d42,local,puzzled-mink-107,PROJECT
ec4e6190b31346eeb27ebc1e6e9c0708,922568943349878837,FINISHED,file:///home/fischer/repos/ai-energy-validation/mlruns/922568943349878837/ec4e6190b31346eeb27ebc1e6e9c0708/artifacts,2025-09-17 08:03:35.441000+00:00,2025-09-17 08:06:26.046000+00:00,0.8737288117408752,0.012544703454126246,118.42200060695176,1.7463953495025635,0.6751059293746948,28594.307297021398,3.0290579763793852,16,44675560,9440.0,Inference,13th Gen Intel(R) Core(TM) i9-13900K,Tensorflow 2.20.0,120,16,/data/d1/fischer_diss/imagenet,ResNet101V2,ImageNet (ILSVRC 2012),main.py,https://github.com/raphischer/ai-energy-validation.git,file:///home/fischer/repos/ai-energy-validation#experiments/imagenet,conda,fischer,8748110aced22fd68117295a83bd4c322af24d42,local,wistful-ape-514,PROJECT
41eb1046eaf4443689f40f376dfbdcc1,922568943349878837,FINISHED,file:///home/fischer/repos/ai-energy-validation/mlruns/922568943349878837/41eb1046eaf4443689f40f376dfbdcc1/artifacts,2025-09-17 08:00:45.029000+00:00,2025-09-17 08:03:31.732000+00:00,0.855617105960846,0.0067787611017183485,119.9569564560079,1.8014341592788696,0.6528593897819519,28994.13459399024,1.6384569729876943,16,25613800,17696.0,Inference,13th Gen Intel(R) Core(TM) i9-13900K,Tensorflow 2.20.0,120,16,/data/d1/fischer_diss/imagenet,ResNet50V2,ImageNet (ILSVRC 2012),main.py,https://github.com/raphischer/ai-energy-validation.git,file:///home/fischer/repos/ai-energy-validation#experiments/imagenet,conda,fischer,8748110aced22fd68117295a83bd4c322af24d42,local,marvelous-rat-656,PROJECT
58cc1e404a764a89b3aac4ea0b908072,922568943349878837,FINISHED,file:///home/fischer/repos/ai-energy-validation/mlruns/922568943349878837/58cc1e404a764a89b3aac4ea0b908072/artifacts,2025-09-17 07:57:43.880000+00:00,2025-09-17 08:00:41.556000+00:00,0.9008042812347412,0.019920657178789738,118.88648204301715,1.2231577634811401,0.7282171845436096,28703.63103285348,4.809589650277057,16,60419944,5968.0,Inference,13th Gen Intel(R) Core(TM) i9-13900K,Tensorflow 2.20.0,120,16,/data/d1/fischer_diss/imagenet,ResNet152,ImageNet (ILSVRC 2012),main.py,https://github.com/raphischer/ai-energy-validation.git,file:///home/fischer/repos/ai-energy-validation#experiments/imagenet,conda,fischer,8748110aced22fd68117295a83bd4c322af24d42,local,omniscient-colt-340,PROJECT
a40da3d5f4ce4d3492d30286c8fb254f,922568943349878837,FINISHED,file:///home/fischer/repos/ai-energy-validation/mlruns/922568943349878837/a40da3d5f4ce4d3492d30286c8fb254f/artifacts,2025-09-17 07:54:46.982000+00:00,2025-09-17 07:57:40.060000+00:00,0.8982208967208862,0.013790013057412367,119.36635302496144,1.2371606826782227,0.7205406427383423,28808.637413576398,3.3281697566516173,16,44707176,8656.0,Inference,13th Gen Intel(R) Core(TM) i9-13900K,Tensorflow 2.20.0,120,16,/data/d1/fischer_diss/imagenet,ResNet101,ImageNet (ILSVRC 2012),main.py,https://github.com/raphischer/ai-energy-validation.git,file:///home/fischer/repos/ai-energy-validation#experiments/imagenet,conda,fischer,8748110aced22fd68117295a83bd4c322af24d42,local,skittish-loon-165,PROJECT
fb8cc3257dc342d2a89b26645b44afa2,922568943349878837,FINISHED,file:///home/fischer/repos/ai-energy-validation/mlruns/922568943349878837/fb8cc3257dc342d2a89b26645b44afa2/artifacts,2025-09-17 07:51:56.960000+00:00,2025-09-17 07:54:43.291000+00:00,0.8835078477859497,0.007884317619766594,120.47237323003355,1.3402597904205322,0.6997382044792175,29601.18896422572,1.9372505866639869,16,25636712,15280.0,Inference,13th Gen Intel(R) Core(TM) i9-13900K,Tensorflow 2.20.0,120,16,/data/d1/fischer_diss/imagenet,ResNet50,ImageNet (ILSVRC 2012),main.py,https://github.com/raphischer/ai-energy-validation.git,file:///home/fischer/repos/ai-energy-validation#experiments/imagenet,conda,fischer,8748110aced22fd68117295a83bd4c322af24d42,local,defiant-snail-902,PROJECT
079379e301bc42e2abcc2a28f486cbe6,922568943349878837,FINISHED,file:///home/fischer/repos/ai-energy-validation/mlruns/922568943349878837/079379e301bc42e2abcc2a28f486cbe6/artifacts,2025-09-17 07:49:03.195000+00:00,2025-09-17 07:51:53.264000+00:00,0.903816819190979,0.011247222449426995,117.8708912699949,1.1466566324234009,0.7337786555290222,30010.22928263952,2.863571496435069,16,20242984,10480.0,Inference,13th Gen Intel(R) Core(TM) i9-13900K,Tensorflow 2.20.0,120,16,/data/d1/fischer_diss/imagenet,DenseNet201,ImageNet (ILSVRC 2012),main.py,https://github.com/raphischer/ai-energy-validation.git,file:///home/fischer/repos/ai-energy-validation#experiments/imagenet,conda,fischer,8748110aced22fd68117295a83bd4c322af24d42,local,fortunate-snipe-25,PROJECT
636c274114b44aeea3ca6d37ede1b2c4,922568943349878837,FINISHED,file:///home/fischer/repos/ai-energy-validation/mlruns/922568943349878837/636c274114b44aeea3ca6d37ede1b2c4/artifacts,2025-09-17 07:46:14.227000+00:00,2025-09-17 07:48:59.462000+00:00,0.8819797039031982,0.007590779760852604,119.63068903103704,1.3016897439956665,0.6904187798500061,30537.389801837522,1.9376516371724315,16,8062504,15760.0,Inference,13th Gen Intel(R) Core(TM) i9-13900K,Tensorflow 2.20.0,120,16,/data/d1/fischer_diss/imagenet,DenseNet121,ImageNet (ILSVRC 2012),main.py,https://github.com/raphischer/ai-energy-validation.git,file:///home/fischer/repos/ai-energy-validation#experiments/imagenet,conda,fischer,8748110aced22fd68117295a83bd4c322af24d42,local,receptive-cod-729,PROJECT
c871fb7822ab4158a94e67af60f9ee03,922568943349878837,FINISHED,file:///home/fischer/repos/ai-energy-validation/mlruns/922568943349878837/c871fb7822ab4158a94e67af60f9ee03/artifacts,2025-09-17 07:43:22.211000+00:00,2025-09-17 07:46:10.566000+00:00,0.9301075339317322,0.0360796949755073,120.79481877799844,0.9946680665016174,0.7774791121482849,29767.672259765277,8.89118048380086,4,28589128,3348.0,Inference,13th Gen Intel(R) Core(TM) i9-13900K,Tensorflow 2.20.0,120,4,/data/d1/fischer_diss/imagenet,ConvNeXtTiny,ImageNet (ILSVRC 2012),main.py,https://github.com/raphischer/ai-energy-validation.git,file:///home/fischer/repos/ai-energy-validation#experiments/imagenet,conda,fischer,8748110aced22fd68117295a83bd4c322af24d42,local,sincere-grub-556,PROJECT
e33f80f682c548b0bf0a2c4e258bc907,922568943349878837,FINISHED,file:///home/fischer/repos/ai-energy-validation/mlruns/922568943349878837/e33f80f682c548b0bf0a2c4e258bc907/artifacts,2025-09-17 07:40:20.886000+00:00,2025-09-17 07:43:18.465000+00:00,0.9477011561393738,0.07124417074196623,123.96485709102126,0.8694729804992676,0.8017241358757019,26625.21071389956,15.30184523787331,4,50223688,1740.0,Inference,13th Gen Intel(R) Core(TM) i9-13900K,Tensorflow 2.20.0,120,4,/data/d1/fischer_diss/imagenet,ConvNeXtSmall,ImageNet (ILSVRC 2012),main.py,https://github.com/raphischer/ai-energy-validation.git,file:///home/fischer/repos/ai-energy-validation#experiments/imagenet,conda,fischer,8748110aced22fd68117295a83bd4c322af24d42,local,skittish-sow-382,PROJECT
e346fb73b8f04f39a266d40029089a77,922568943349878837,FINISHED,file:///home/fischer/repos/ai-energy-validation/mlruns/922568943349878837/e346fb73b8f04f39a266d40029089a77/artifacts,2025-09-17 07:37:17.179000+00:00,2025-09-17 07:40:16.762000+00:00,0.9596100449562073,0.08411065789414984,120.78290473599918,0.7357807755470276,0.8175487518310547,30333.596242032,21.12367426325348,4,88591464,1436.0,Inference,13th Gen Intel(R) Core(TM) i9-13900K,Tensorflow 2.20.0,120,4,/data/d1/fischer_diss/imagenet,ConvNeXtBase,ImageNet (ILSVRC 2012),main.py,https://github.com/raphischer/ai-energy-validation.git,file:///home/fischer/repos/ai-energy-validation#experiments/imagenet,conda,fischer,8748110aced22fd68117295a83bd4c322af24d42,local,indecisive-sow-20,PROJECT
0c0def50cf7e4abcb513b53c0df090ac,922568943349878837,FINISHED,file:///home/fischer/repos/ai-energy-validation/mlruns/922568943349878837/0c0def50cf7e4abcb513b53c0df090ac/artifacts,2025-09-17 07:34:24.865000+00:00,2025-09-17 07:37:13.662000+00:00,0.8657894730567932,0.031244417567106306,118.72878675500397,1.4305088520050049,0.6647368669509888,28601.44671114396,7.526696502932621,4,143667240,3800.0,Inference,13th Gen Intel(R) Core(TM) i9-13900K,Tensorflow 2.20.0,120,4,/data/d1/fischer_diss/imagenet,VGG19,ImageNet (ILSVRC 2012),main.py,https://github.com/raphischer/ai-energy-validation.git,file:///home/fischer/repos/ai-energy-validation#experiments/imagenet,conda,fischer,8748110aced22fd68117295a83bd4c322af24d42,local,traveling-bear-545,PROJECT
b143018a2b2146a284f264d51af82309,922568943349878837,FINISHED,file:///home/fischer/repos/ai-energy-validation/mlruns/922568943349878837/b143018a2b2146a284f264d51af82309/artifacts,2025-09-17 07:31:34.105000+00:00,2025-09-17 07:34:21.269000+00:00,0.8646186590194702,0.025503453327332015,120.37629970500711,1.4126808643341064,0.6711864471435547,29387.8763416296,6.22624498763339,4,138357544,4720.0,Inference,13th Gen Intel(R) Core(TM) i9-13900K,Tensorflow 2.20.0,120,4,/data/d1/fischer_diss/imagenet,VGG16,ImageNet (ILSVRC 2012),main.py,https://github.com/raphischer/ai-energy-validation.git,file:///home/fischer/repos/ai-energy-validation#experiments/imagenet,conda,fischer,8748110aced22fd68117295a83bd4c322af24d42,local,bouncy-mouse-944,PROJECT
70a52e8328464a26abd551eba382fb63,922568943349878837,FINISHED,file:///home/fischer/repos/ai-energy-validation/mlruns/922568943349878837/70a52e8328464a26abd551eba382fb63/artifacts,2025-09-17 07:28:51.351000+00:00,2025-09-17 07:31:30.657000+00:00,0.9347254633903503,0.017662704472687973,120.95420022896724,0.9765393733978271,0.7805198431015015,30618.60953644692,4.471175458009188,4,22910480,6848.0,Inference,13th Gen Intel(R) Core(TM) i9-13900K,Tensorflow 2.20.0,120,4,/data/d1/fischer_diss/imagenet,Xception,ImageNet (ILSVRC 2012),main.py,https://github.com/raphischer/ai-energy-validation.git,file:///home/fischer/repos/ai-energy-validation#experiments/imagenet,conda,fischer,8748110aced22fd68117295a83bd4c322af24d42,local,handsome-bee-347,PROJECT
1b0577387970499b8c4ca19f94033a05,922568943349878837,FINISHED,file:///home/fischer/repos/ai-energy-validation/mlruns/922568943349878837/1b0577387970499b8c4ca19f94033a05/artifacts,2025-09-17 07:26:00.948000+00:00,2025-09-17 07:28:47.400000+00:00,0.883310854434967,0.013632615646564702,121.3848097170121,1.3177160024642944,0.7035040259361267,5645.7412814401205,0.6340679785983963,4,5326716,8904.0,Inference,13th Gen Intel(R) Core(TM) i9-13900K,Tensorflow 2.20.0,120,4,/data/d1/fischer_diss/imagenet,NASNetMobile,ImageNet (ILSVRC 2012),main.py,https://github.com/raphischer/ai-energy-validation.git,file:///home/fischer/repos/ai-energy-validation#experiments/imagenet,conda,fischer,8748110aced22fd68117295a83bd4c322af24d42,local,valuable-moth-582,PROJECT
0da478a0bc5e42188c6929c223bb1d56,922568943349878837,FINISHED,file:///home/fischer/repos/ai-energy-validation/mlruns/922568943349878837/0da478a0bc5e42188c6929c223bb1d56/artifacts,2025-09-17 07:23:06.208000+00:00,2025-09-17 07:25:57.390000+00:00,0.9642857313156128,0.02339474585977789,124.46004797401838,0.7203211188316345,0.833458662033081,31927.284334570322,6.001369235821489,4,21612360,5320.0,Inference,13th Gen Intel(R) Core(TM) i9-13900K,Tensorflow 2.20.0,120,4,/data/d1/fischer_diss/imagenet,EfficientNetV2S,ImageNet (ILSVRC 2012),main.py,https://github.com/raphischer/ai-energy-validation.git,file:///home/fischer/repos/ai-energy-validation#experiments/imagenet,conda,fischer,8748110aced22fd68117295a83bd4c322af24d42,local,rumbling-shrimp-665,PROJECT
992aa58c3a474cd0b87b877d1b5d45bf,922568943349878837,FINISHED,file:///home/fischer/repos/ai-energy-validation/mlruns/922568943349878837/992aa58c3a474cd0b87b877d1b5d45bf/artifacts,2025-09-17 07:20:10.404000+00:00,2025-09-17 07:23:02.709000+00:00,0.9461206793785095,0.036500949088660826,118.55508263997037,0.8533410429954529,0.8004925847053528,5415.083243604359,1.6672054321441994,4,14467622,3248.0,Inference,13th Gen Intel(R) Core(TM) i9-13900K,Tensorflow 2.20.0,120,4,/data/d1/fischer_diss/imagenet,EfficientNetV2B3,ImageNet (ILSVRC 2012),main.py,https://github.com/raphischer/ai-energy-validation.git,file:///home/fischer/repos/ai-energy-validation#experiments/imagenet,conda,fischer,8748110aced22fd68117295a83bd4c322af24d42,local,unequaled-pug-98,PROJECT
ab457e86959e489eb780b361237c1ca2,922568943349878837,FINISHED,file:///home/fischer/repos/ai-energy-validation/mlruns/922568943349878837/ab457e86959e489eb780b361237c1ca2/artifacts,2025-09-17 07:17:11.153000+00:00,2025-09-17 07:20:07.103000+00:00,0.926354706287384,0.029130358421421507,118.26925519097132,0.96474689245224,0.7783251404762268,4764.77341841448,1.1735895119247488,4,10178374,4060.0,Inference,13th Gen Intel(R) Core(TM) i9-13900K,Tensorflow 2.20.0,120,4,/data/d1/fischer_diss/imagenet,EfficientNetV2B2,ImageNet (ILSVRC 2012),main.py,https://github.com/raphischer/ai-energy-validation.git,file:///home/fischer/repos/ai-energy-validation#experiments/imagenet,conda,fischer,8748110aced22fd68117295a83bd4c322af24d42,local,respected-crane-351,PROJECT
30abd515afa34f99b8724c618f2db235,922568943349878837,FINISHED,file:///home/fischer/repos/ai-energy-validation/mlruns/922568943349878837/30abd515afa34f99b8724c618f2db235/artifacts,2025-09-17 07:14:16.042000+00:00,2025-09-17 07:17:07.795000+00:00,0.922342836856842,0.022567121451343725,120.59869703598088,1.0356998443603516,0.7569236755371094,4843.846935806399,0.9064084834967064,4,8212124,5344.0,Inference,13th Gen Intel(R) Core(TM) i9-13900K,Tensorflow 2.20.0,120,4,/data/d1/fischer_diss/imagenet,EfficientNetV2B1,ImageNet (ILSVRC 2012),main.py,https://github.com/raphischer/ai-energy-validation.git,file:///home/fischer/repos/ai-energy-validation#experiments/imagenet,conda,fischer,8748110aced22fd68117295a83bd4c322af24d42,local,puzzled-foal-485,PROJECT
1eb75cb52174471c97d20ec8139f7e60,922568943349878837,FINISHED,file:///home/fischer/repos/ai-energy-validation/mlruns/922568943349878837/1eb75cb52174471c97d20ec8139f7e60/artifacts,2025-09-17 07:11:29.034000+00:00,2025-09-17 07:14:12.740000+00:00,0.9073289632797241,0.018339028783551727,112.6016367310076,1.126617670059204,0.7429967522621155,4356.80464573296,0.7095773038653029,4,7200312,6140.0,Inference,13th Gen Intel(R) Core(TM) i9-13900K,Tensorflow 2.20.0,120,4,/data/d1/fischer_diss/imagenet,EfficientNetV2B0,ImageNet (ILSVRC 2012),main.py,https://github.com/raphischer/ai-energy-validation.git,file:///home/fischer/repos/ai-energy-validation#experiments/imagenet,conda,fischer,8748110aced22fd68117295a83bd4c322af24d42,local,amusing-penguin-988,PROJECT
e4dceb5d0b1d4f17b54229898624f7f0,922568943349878837,FINISHED,file:///home/fischer/repos/ai-energy-validation/mlruns/922568943349878837/e4dceb5d0b1d4f17b54229898624f7f0/artifacts,2025-09-17 07:08:37.248000+00:00,2025-09-17 07:11:25.594000+00:00,0.9592074751853943,0.02394786183566509,123.28359273000387,0.862630307674408,0.8240092992782593,32778.24958207116,6.367181348498672,4,19466823,5148.0,Inference,13th Gen Intel(R) Core(TM) i9-13900K,Tensorflow 2.20.0,120,4,/data/d1/fischer_diss/imagenet,EfficientNetB4,ImageNet (ILSVRC 2012),main.py,https://github.com/raphischer/ai-energy-validation.git,file:///home/fischer/repos/ai-energy-validation#experiments/imagenet,conda,fischer,8748110aced22fd68117295a83bd4c322af24d42,local,omniscient-mole-542,PROJECT
5d7123608c6f4062a4de288faba40328,922568943349878837,FINISHED,file:///home/fischer/repos/ai-energy-validation/mlruns/922568943349878837/5d7123608c6f4062a4de288faba40328/artifacts,2025-09-17 07:05:53.785000+00:00,2025-09-17 07:08:33.628000+00:00,0.9431003332138062,0.025293380825494614,112.90965200500796,0.8882744908332825,0.8024193644523621,6831.85560438024,1.5304336031317742,4,12320535,4464.0,Inference,13th Gen Intel(R) Core(TM) i9-13900K,Tensorflow 2.20.0,120,4,/data/d1/fischer_diss/imagenet,EfficientNetB3,ImageNet (ILSVRC 2012),main.py,https://github.com/raphischer/ai-energy-validation.git,file:///home/fischer/repos/ai-energy-validation#experiments/imagenet,conda,fischer,8748110aced22fd68117295a83bd4c322af24d42,local,big-donkey-598,PROJECT
290e084cbe7846f9a106ebd13f4f67e8,922568943349878837,FINISHED,file:///home/fischer/repos/ai-energy-validation/mlruns/922568943349878837/290e084cbe7846f9a106ebd13f4f67e8/artifacts,2025-09-17 07:02:59.557000+00:00,2025-09-17 07:05:50.262000+00:00,0.9315446615219116,0.03015635147316072,120.26352967496496,1.0091803073883057,0.776579737663269,4731.5942638815595,1.1864579397897592,4,9177569,3988.0,Inference,13th Gen Intel(R) Core(TM) i9-13900K,Tensorflow 2.20.0,120,4,/data/d1/fischer_diss/imagenet,EfficientNetB2,ImageNet (ILSVRC 2012),main.py,https://github.com/raphischer/ai-energy-validation.git,file:///home/fischer/repos/ai-energy-validation#experiments/imagenet,conda,fischer,8748110aced22fd68117295a83bd4c322af24d42,local,beautiful-flea-153,PROJECT
1576dbe1800943fdb740302b158ef06c,922568943349878837,FINISHED,file:///home/fischer/repos/ai-energy-validation/mlruns/922568943349878837/1576dbe1800943fdb740302b158ef06c/artifacts,2025-09-17 07:00:11.565000+00:00,2025-09-17 07:02:56.101000+00:00,0.8962137699127197,0.015766701737647163,117.43039454199608,1.2597342729568481,0.7193877696990967,4644.5207961531605,0.6235930177434426,4,5330571,7448.0,Inference,13th Gen Intel(R) Core(TM) i9-13900K,Tensorflow 2.20.0,120,4,/data/d1/fischer_diss/imagenet,EfficientNetB0,ImageNet (ILSVRC 2012),main.py,https://github.com/raphischer/ai-energy-validation.git,file:///home/fischer/repos/ai-energy-validation#experiments/imagenet,conda,fischer,8748110aced22fd68117295a83bd4c322af24d42,local,popular-hen-238,PROJECT
745f3788bd954719808fa2dd977d8933,922568943349878837,FINISHED,file:///home/fischer/repos/ai-energy-validation/mlruns/922568943349878837/745f3788bd954719808fa2dd977d8933/artifacts,2025-09-17 06:57:37.745000+00:00,2025-09-17 07:00:08.140000+00:00,0.8390202522277832,0.009389936124579114,111.17684371501672,1.6501048803329468,0.6403716206550598,3898.20642602148,0.32924040760316553,4,2554968,11840.0,Inference,13th Gen Intel(R) Core(TM) i9-13900K,Tensorflow 2.20.0,120,4,/data/d1/fischer_diss/imagenet,MobileNetV3Small,ImageNet (ILSVRC 2012),main.py,https://github.com/raphischer/ai-energy-validation.git,file:///home/fischer/repos/ai-energy-validation#experiments/imagenet,conda,fischer,8748110aced22fd68117295a83bd4c322af24d42,local,resilient-mule-115,PROJECT
8e29b996de9f4fcdb34283d500d62c2d,922568943349878837,FINISHED,file:///home/fischer/repos/ai-energy-validation/mlruns/922568943349878837/8e29b996de9f4fcdb34283d500d62c2d/artifacts,2025-09-17 06:54:54.923000+00:00,2025-09-17 06:57:34.371000+00:00,0.8931712508201599,0.014920632954216162,115.36633400199936,1.29025137424469,0.7144335508346558,4139.19669293568,0.5353332505090119,4,5507432,7732.0,Inference,13th Gen Intel(R) Core(TM) i9-13900K,Tensorflow 2.20.0,120,4,/data/d1/fischer_diss/imagenet,MobileNetV3Large,ImageNet (ILSVRC 2012),main.py,https://github.com/raphischer/ai-energy-validation.git,file:///home/fischer/repos/ai-energy-validation#experiments/imagenet,conda,fischer,8748110aced22fd68117295a83bd4c322af24d42,local,illustrious-crab-203,PROJECT
62f5c63ce4594e30b8583fb8bbf11090,922568943349878837,FINISHED,file:///home/fischer/repos/ai-energy-validation/mlruns/922568943349878837/62f5c63ce4594e30b8583fb8bbf11090/artifacts,2025-09-17 06:52:08.484000+00:00,2025-09-17 06:54:51.452000+00:00,0.8290650248527527,0.012174699921036711,119.79904722300124,1.74765944480896,0.6241869926452637,4550.231534607,0.4624219039234756,4,3538984,9840.0,Inference,13th Gen Intel(R) Core(TM) i9-13900K,Tensorflow 2.20.0,120,4,/data/d1/fischer_diss/imagenet,MobileNetV2,ImageNet (ILSVRC 2012),main.py,https://github.com/raphischer/ai-energy-validation.git,file:///home/fischer/repos/ai-energy-validation#experiments/imagenet,conda,fischer,8748110aced22fd68117295a83bd4c322af24d42,local,caring-chimp-454,PROJECT
416c0bc670724f6584b4af669a9bc9e6,922568943349878837,FINISHED,file:///home/fischer/repos/ai-energy-validation/mlruns/922568943349878837/416c0bc670724f6584b4af669a9bc9e6/artifacts,2025-09-17 06:49:28.720000+00:00,2025-09-17 06:52:04.983000+00:00,0.8228562474250793,0.00953808127643441,118.34851247799816,1.8170212507247925,0.6129110455513,4971.975804774,0.40070726988829786,4,4253864,12408.0,Inference,13th Gen Intel(R) Core(TM) i9-13900K,Tensorflow 2.20.0,120,4,/data/d1/fischer_diss/imagenet,MobileNet,ImageNet (ILSVRC 2012),main.py,https://github.com/raphischer/ai-energy-validation.git,file:///home/fischer/repos/ai-energy-validation#experiments/imagenet,conda,fischer,8748110aced22fd68117295a83bd4c322af24d42,local,crawling-ox-445,PROJECT
31bf3d7c95f34055af0c5af0cd527db7,922568943349878837,FINISHED,file:///home/fischer/repos/ai-energy-validation/mlruns/922568943349878837/31bf3d7c95f34055af0c5af0cd527db7/artifacts,2025-09-17 06:46:51.635000+00:00,2025-09-17 06:49:25.323000+00:00,0.929662823677063,0.01016355465735835,115.74256043799689,1.0090516805648804,0.7703723311424255,29388.55363115472,2.580659784962655,4,23851784,11388.0,Inference,13th Gen Intel(R) Core(TM) i9-13900K,Tensorflow 2.20.0,120,4,/data/d1/fischer_diss/imagenet,InceptionV3,ImageNet (ILSVRC 2012),main.py,https://github.com/raphischer/ai-energy-validation.git,file:///home/fischer/repos/ai-energy-validation#experiments/imagenet,conda,fischer,8748110aced22fd68117295a83bd4c322af24d42,local,stately-steed-336,PROJECT
5fa1429e87e54a7887ebecdd522cb724,922568943349878837,FINISHED,file:///home/fischer/repos/ai-energy-validation/mlruns/922568943349878837/5fa1429e87e54a7887ebecdd522cb724/artifacts,2025-09-17 06:43:56.075000+00:00,2025-09-17 06:46:48.203000+00:00,0.9403083920478821,0.026970748183697497,122.44719675398665,0.9270944595336914,0.7885462641716003,30362.976564421682,6.68788030053341,4,55873736,4540.0,Inference,13th Gen Intel(R) Core(TM) i9-13900K,Tensorflow 2.20.0,120,4,/data/d1/fischer_diss/imagenet,InceptionResNetV2,ImageNet (ILSVRC 2012),main.py,https://github.com/raphischer/ai-energy-validation.git,file:///home/fischer/repos/ai-energy-validation#experiments/imagenet,conda,fischer,8748110aced22fd68117295a83bd4c322af24d42,local,glamorous-gnu-411,PROJECT
74c849c54fc0454fac50f33e74e0db10,922568943349878837,FINISHED,file:///home/fischer/repos/ai-energy-validation/mlruns/922568943349878837/74c849c54fc0454fac50f33e74e0db10/artifacts,2025-09-17 06:41:02.969000+00:00,2025-09-17 06:43:52.627000+00:00,0.8712984323501587,0.023723229776388854,124.97397446201649,1.7402604818344116,0.6784358620643616,30782.17151547408,5.843236810074806,4,60380648,5268.0,Inference,13th Gen Intel(R) Core(TM) i9-13900K,Tensorflow 2.20.0,120,4,/data/d1/fischer_diss/imagenet,ResNet152V2,ImageNet (ILSVRC 2012),main.py,https://github.com/raphischer/ai-energy-validation.git,file:///home/fischer/repos/ai-energy-validation#experiments/imagenet,conda,fischer,8748110aced22fd68117295a83bd4c322af24d42,local,angry-lamb-889,PROJECT
0b843b5b73594d4baf06169d505254a7,922568943349878837,FINISHED,file:///home/fischer/repos/ai-energy-validation/mlruns/922568943349878837/0b843b5b73594d4baf06169d505254a7/artifacts,2025-09-17 06:38:20.722000+00:00,2025-09-17 06:40:59.630000+00:00,0.8701949119567871,0.01601905651014992,118.3487894969876,1.7860124111175537,0.6710882782936096,29072.040802501317,3.9350353008258416,4,44675560,7388.0,Inference,13th Gen Intel(R) Core(TM) i9-13900K,Tensorflow 2.20.0,120,4,/data/d1/fischer_diss/imagenet,ResNet101V2,ImageNet (ILSVRC 2012),main.py,https://github.com/raphischer/ai-energy-validation.git,file:///home/fischer/repos/ai-energy-validation#experiments/imagenet,conda,fischer,8748110aced22fd68117295a83bd4c322af24d42,local,sincere-midge-724,PROJECT
6fff904d66e34c5b9eacfe9e37ce2f94,922568943349878837,FINISHED,file:///home/fischer/repos/ai-energy-validation/mlruns/922568943349878837/6fff904d66e34c5b9eacfe9e37ce2f94/artifacts,2025-09-17 06:35:48.358000+00:00,2025-09-17 06:38:17.314000+00:00,0.8579978942871094,0.009521129157705083,109.7595769300242,1.7714707851409912,0.6591776609420776,18246.85110826668,1.582828860883647,4,25613800,11528.0,Inference,13th Gen Intel(R) Core(TM) i9-13900K,Tensorflow 2.20.0,120,4,/data/d1/fischer_diss/imagenet,ResNet50V2,ImageNet (ILSVRC 2012),main.py,https://github.com/raphischer/ai-energy-validation.git,file:///home/fischer/repos/ai-energy-validation#experiments/imagenet,conda,fischer,8748110aced22fd68117295a83bd4c322af24d42,local,capable-skunk-231,PROJECT
4da949e8d5c0437185ed99f5536af04c,922568943349878837,FINISHED,file:///home/fischer/repos/ai-energy-validation/mlruns/922568943349878837/4da949e8d5c0437185ed99f5536af04c/artifacts,2025-09-17 06:32:57.034000+00:00,2025-09-17 06:35:44.931000+00:00,0.9003638029098511,0.024325686678456096,120.36349768500077,1.2251644134521484,0.7267583012580872,29648.45220416748,5.992007316929564,4,60419944,4948.0,Inference,13th Gen Intel(R) Core(TM) i9-13900K,Tensorflow 2.20.0,120,4,/data/d1/fischer_diss/imagenet,ResNet152,ImageNet (ILSVRC 2012),main.py,https://github.com/raphischer/ai-energy-validation.git,file:///home/fischer/repos/ai-energy-validation#experiments/imagenet,conda,fischer,8748110aced22fd68117295a83bd4c322af24d42,local,nervous-grouse-63,PROJECT
854015d4d2e544d3ad49baaf8c742eac,922568943349878837,FINISHED,file:///home/fischer/repos/ai-energy-validation/mlruns/922568943349878837/854015d4d2e544d3ad49baaf8c742eac/artifacts,2025-09-17 06:30:10.258000+00:00,2025-09-17 06:32:53.693000+00:00,0.8949943780899048,0.016777476950217377,119.99251514795468,1.276690125465393,0.7163031101226807,29847.432625117202,4.1732987451226515,4,44707176,7152.0,Inference,13th Gen Intel(R) Core(TM) i9-13900K,Tensorflow 2.20.0,120,4,/data/d1/fischer_diss/imagenet,ResNet101,ImageNet (ILSVRC 2012),main.py,https://github.com/raphischer/ai-energy-validation.git,file:///home/fischer/repos/ai-energy-validation#experiments/imagenet,conda,fischer,8748110aced22fd68117295a83bd4c322af24d42,local,receptive-fly-921,PROJECT
a0c0c2e4f84c41c2954446b1d7bb905e,922568943349878837,FINISHED,file:///home/fischer/repos/ai-energy-validation/mlruns/922568943349878837/a0c0c2e4f84c41c2954446b1d7bb905e/artifacts,2025-09-17 06:27:26.030000+00:00,2025-09-17 06:30:07.078000+00:00,0.8839077353477478,0.00905501472437285,124.01748166501056,1.337158441543579,0.7002044320106506,30578.852472552,2.232684905998248,4,25636712,13696.0,Inference,13th Gen Intel(R) Core(TM) i9-13900K,Tensorflow 2.20.0,120,4,/data/d1/fischer_diss/imagenet,ResNet50,ImageNet (ILSVRC 2012),main.py,https://github.com/raphischer/ai-energy-validation.git,file:///home/fischer/repos/ai-energy-validation#experiments/imagenet,conda,fischer,8748110aced22fd68117295a83bd4c322af24d42,local,marvelous-stork-450,PROJECT
ec347b0758864f9e8ea33ab1cda8cacc,922568943349878837,FINISHED,file:///home/fischer/repos/ai-energy-validation/mlruns/922568943349878837/ec347b0758864f9e8ea33ab1cda8cacc/artifacts,2025-09-17 06:24:23.562000+00:00,2025-09-17 06:27:22.692000+00:00,0.8996183276176453,0.04584401880572231,120.11132927099244,1.1743595600128174,0.7293893098831177,5976.5831406288,2.281138603293435,4,20242984,2620.0,Inference,13th Gen Intel(R) Core(TM) i9-13900K,Tensorflow 2.20.0,120,4,/data/d1/fischer_diss/imagenet,DenseNet201,ImageNet (ILSVRC 2012),main.py,https://github.com/raphischer/ai-energy-validation.git,file:///home/fischer/repos/ai-energy-validation#experiments/imagenet,conda,fischer,8748110aced22fd68117295a83bd4c322af24d42,local,sassy-ape-625,PROJECT
0745aafb19c940a4a4dde269477d6265,922568943349878837,FINISHED,file:///home/fischer/repos/ai-energy-validation/mlruns/922568943349878837/0745aafb19c940a4a4dde269477d6265/artifacts,2025-09-17 06:21:35.012000+00:00,2025-09-17 06:24:20.255000+00:00,0.8845781087875366,0.028608438485933453,117.98120031598955,1.2882730960845947,0.6956837773323059,5993.841623720759,1.4534048554124053,4,8062504,4124.0,Inference,13th Gen Intel(R) Core(TM) i9-13900K,Tensorflow 2.20.0,120,4,/data/d1/fischer_diss/imagenet,DenseNet121,ImageNet (ILSVRC 2012),main.py,https://github.com/raphischer/ai-energy-validation.git,file:///home/fischer/repos/ai-energy-validation#experiments/imagenet,conda,fischer,8748110aced22fd68117295a83bd4c322af24d42,local,tasteful-stag-919,PROJECT
b6c8debeb8fa4e4e8a8bf8a5aefc2d0f,922568943349878837,FINISHED,file:///home/fischer/repos/ai-energy-validation/mlruns/922568943349878837/b6c8debeb8fa4e4e8a8bf8a5aefc2d0f/artifacts,2025-09-17 06:18:48.660000+00:00,2025-09-17 06:21:31.712000+00:00,0.9319361448287964,0.0006510907373570463,125.9157398789539,0.994228184223175,0.7767849564552307,35099.88035319144,0.18149603061756142,16,28589128,193392.0,Inference,NVIDIA GeForce RTX 4090,Tensorflow 2.20.0,120,16,/data/d1/fischer_diss/imagenet,ConvNeXtTiny,ImageNet (ILSVRC 2012),main.py,https://github.com/raphischer/ai-energy-validation.git,file:///home/fischer/repos/ai-energy-validation#experiments/imagenet,conda,fischer,8748110aced22fd68117295a83bd4c322af24d42,local,fortunate-vole-183,PROJECT
529d66af5fb943a9b989a1f4a9a46de0,922568943349878837,FINISHED,file:///home/fischer/repos/ai-energy-validation/mlruns/922568943349878837/529d66af5fb943a9b989a1f4a9a46de0/artifacts,2025-09-17 06:15:57.260000+00:00,2025-09-17 06:18:45.406000+00:00,0.9393907785415649,0.0012032271393130289,127.27255388797494,0.9053468704223633,0.7915406227111816,31939.74748245636,0.30195646916556085,16,50223688,105776.0,Inference,NVIDIA GeForce RTX 4090,Tensorflow 2.20.0,120,16,/data/d1/fischer_diss/imagenet,ConvNeXtSmall,ImageNet (ILSVRC 2012),main.py,https://github.com/raphischer/ai-energy-validation.git,file:///home/fischer/repos/ai-energy-validation#experiments/imagenet,conda,fischer,8748110aced22fd68117295a83bd4c322af24d42,local,bittersweet-whale-58,PROJECT
fe1ab55137444a96a395d67baa2d1806,922568943349878837,FINISHED,file:///home/fischer/repos/ai-energy-validation/mlruns/922568943349878837/fe1ab55137444a96a395d67baa2d1806/artifacts,2025-09-17 06:13:05.849000+00:00,2025-09-17 06:15:54.017000+00:00,0.9576352834701538,0.001532896227262579,123.71085712499917,0.7351042032241821,0.8202443718910217,32778.82021700556,0.40616103559929567,16,88591464,80704.0,Inference,NVIDIA GeForce RTX 4090,Tensorflow 2.20.0,120,16,/data/d1/fischer_diss/imagenet,ConvNeXtBase,ImageNet (ILSVRC 2012),main.py,https://github.com/raphischer/ai-energy-validation.git,file:///home/fischer/repos/ai-energy-validation#experiments/imagenet,conda,fischer,8748110aced22fd68117295a83bd4c322af24d42,local,masked-mole-969,PROJECT
2ea1c8f553fd4b9386eb5541f7c561a5,922568943349878837,FINISHED,file:///home/fischer/repos/ai-energy-validation/mlruns/922568943349878837/2ea1c8f553fd4b9386eb5541f7c561a5/artifacts,2025-09-17 06:10:18.977000+00:00,2025-09-17 06:13:02.634000+00:00,0.8651524782180786,0.0011042203413202108,122.22394114005148,1.4175972938537598,0.66764235496521,42557.1405813036,0.3844783588221271,16,143667240,110688.0,Inference,NVIDIA GeForce RTX 4090,Tensorflow 2.20.0,120,16,/data/d1/fischer_diss/imagenet,VGG19,ImageNet (ILSVRC 2012),main.py,https://github.com/raphischer/ai-energy-validation.git,file:///home/fischer/repos/ai-energy-validation#experiments/imagenet,conda,fischer,8748110aced22fd68117295a83bd4c322af24d42,local,useful-perch-399,PROJECT
b2250ddce1734a9e8c59ed4bf7cae910,922568943349878837,FINISHED,file:///home/fischer/repos/ai-energy-validation/mlruns/922568943349878837/b2250ddce1734a9e8c59ed4bf7cae910/artifacts,2025-09-17 06:07:34.723000+00:00,2025-09-17 06:10:15.732000+00:00,0.866706132888794,0.000876339041230993,121.29934473102912,1.4122028350830078,0.6706377863883972,43628.693439625924,0.3151997849932517,16,138357544,138416.0,Inference,NVIDIA GeForce RTX 4090,Tensorflow 2.20.0,120,16,/data/d1/fischer_diss/imagenet,VGG16,ImageNet (ILSVRC 2012),main.py,https://github.com/raphischer/ai-energy-validation.git,file:///home/fischer/repos/ai-energy-validation#experiments/imagenet,conda,fischer,8748110aced22fd68117295a83bd4c322af24d42,local,likeable-tern-992,PROJECT
73e1e7a313e3446fade666b1f0504c0f,922568943349878837,FINISHED,file:///home/fischer/repos/ai-energy-validation/mlruns/922568943349878837/73e1e7a313e3446fade666b1f0504c0f/artifacts,2025-09-17 06:04:40.117000+00:00,2025-09-17 06:07:31.454000+00:00,0.9351080060005188,0.0011887152551480064,127.22106146696024,0.9765716195106506,0.7773396372795105,34358.50720161252,0.32103553596961915,16,22910480,107024.0,Inference,NVIDIA GeForce RTX 4090,Tensorflow 2.20.0,120,16,/data/d1/fischer_diss/imagenet,Xception,ImageNet (ILSVRC 2012),main.py,https://github.com/raphischer/ai-energy-validation.git,file:///home/fischer/repos/ai-energy-validation#experiments/imagenet,conda,fischer,8748110aced22fd68117295a83bd4c322af24d42,local,defiant-midge-19,PROJECT
f26a776b8f0847d78aa7c6dc70fa7719,922568943349878837,FINISHED,file:///home/fischer/repos/ai-energy-validation/mlruns/922568943349878837/f26a776b8f0847d78aa7c6dc70fa7719/artifacts,2025-09-17 06:01:41.738000+00:00,2025-09-17 06:04:36.459000+00:00,0.8813719749450684,0.0012092005763608743,128.85241341701476,1.3468873500823975,0.6958708763122559,15794.789623331402,0.14822437709582773,16,5326716,106560.0,Inference,NVIDIA GeForce RTX 4090,Tensorflow 2.20.0,120,16,/data/d1/fischer_diss/imagenet,NASNetMobile,ImageNet (ILSVRC 2012),main.py,https://github.com/raphischer/ai-energy-validation.git,file:///home/fischer/repos/ai-energy-validation#experiments/imagenet,conda,fischer,8748110aced22fd68117295a83bd4c322af24d42,local,nebulous-panda-232,PROJECT
ac852ed5aee94ec590c82e1f08aa7ce9,922568943349878837,FINISHED,file:///home/fischer/repos/ai-energy-validation/mlruns/922568943349878837/ac852ed5aee94ec590c82e1f08aa7ce9/artifacts,2025-09-17 05:58:51.317000+00:00,2025-09-17 06:01:38.437000+00:00,0.9633437991142273,0.001595805442793361,120.28543105599238,0.7192792296409607,0.8316572904586792,27949.29516172008,0.37079833317926236,16,21612360,75376.0,Inference,NVIDIA GeForce RTX 4090,Tensorflow 2.20.0,120,16,/data/d1/fischer_diss/imagenet,EfficientNetV2S,ImageNet (ILSVRC 2012),main.py,https://github.com/raphischer/ai-energy-validation.git,file:///home/fischer/repos/ai-energy-validation#experiments/imagenet,conda,fischer,8748110aced22fd68117295a83bd4c322af24d42,local,intrigued-rat-678,PROJECT
5132b75826544c2b9c9ddc07a6d08671,922568943349878837,FINISHED,file:///home/fischer/repos/ai-energy-validation/mlruns/922568943349878837/5132b75826544c2b9c9ddc07a6d08671/artifacts,2025-09-17 05:56:00.371000+00:00,2025-09-17 05:58:48.204000+00:00,0.9487077593803406,0.0009400270398224826,125.55753165500936,0.8295893669128418,0.8051030039787292,26012.79511616808,0.19475319774323252,16,14467622,133568.0,Inference,NVIDIA GeForce RTX 4090,Tensorflow 2.20.0,120,16,/data/d1/fischer_diss/imagenet,EfficientNetV2B3,ImageNet (ILSVRC 2012),main.py,https://github.com/raphischer/ai-energy-validation.git,file:///home/fischer/repos/ai-energy-validation#experiments/imagenet,conda,fischer,8748110aced22fd68117295a83bd4c322af24d42,local,luminous-grub-237,PROJECT
100186992d424a9b812bdb306360644b,922568943349878837,FINISHED,file:///home/fischer/repos/ai-energy-validation/mlruns/922568943349878837/100186992d424a9b812bdb306360644b/artifacts,2025-09-17 05:52:00.975000+00:00,2025-09-17 05:55:57.372000+00:00,0.9299125671386719,0.0007309417078272229,196.9098485549912,0.9694898724555969,0.7740207314491272,37203.42229533108,0.1381014369221472,16,10178374,269392.0,Inference,NVIDIA GeForce RTX 4090,Tensorflow 2.20.0,120,16,/data/d1/fischer_diss/imagenet,EfficientNetV2B2,ImageNet (ILSVRC 2012),main.py,https://github.com/raphischer/ai-energy-validation.git,file:///home/fischer/repos/ai-energy-validation#experiments/imagenet,conda,fischer,8748110aced22fd68117295a83bd4c322af24d42,local,learned-horse-20,PROJECT
c49c5d8312984b49b2f02e7ae9bd4ce8,922568943349878837,FINISHED,file:///home/fischer/repos/ai-energy-validation/mlruns/922568943349878837/c49c5d8312984b49b2f02e7ae9bd4ce8/artifacts,2025-09-17 05:48:23.043000+00:00,2025-09-17 05:51:57.939000+00:00,0.9224865436553955,0.000657349407562824,175.74893760599662,1.0341897010803223,0.7586961388587952,29307.67358421132,0.1096187671462123,16,8212124,267360.0,Inference,NVIDIA GeForce RTX 4090,Tensorflow 2.20.0,120,16,/data/d1/fischer_diss/imagenet,EfficientNetV2B1,ImageNet (ILSVRC 2012),main.py,https://github.com/raphischer/ai-energy-validation.git,file:///home/fischer/repos/ai-energy-validation#experiments/imagenet,conda,fischer,8748110aced22fd68117295a83bd4c322af24d42,local,resilient-swan-694,PROJECT
c89159ec9c3a45fca6f9085e7788379b,922568943349878837,FINISHED,file:///home/fischer/repos/ai-energy-validation/mlruns/922568943349878837/c89159ec9c3a45fca6f9085e7788379b/artifacts,2025-09-17 05:44:43.361000+00:00,2025-09-17 05:48:19.946000+00:00,0.9099910259246826,0.0005267921577422488,178.97447483998258,1.1302539110183716,0.7372933626174927,30555.51576595344,0.08993688119864793,16,7200312,339744.0,Inference,NVIDIA GeForce RTX 4090,Tensorflow 2.20.0,120,16,/data/d1/fischer_diss/imagenet,EfficientNetV2B0,ImageNet (ILSVRC 2012),main.py,https://github.com/raphischer/ai-energy-validation.git,file:///home/fischer/repos/ai-energy-validation#experiments/imagenet,conda,fischer,8748110aced22fd68117295a83bd4c322af24d42,local,amazing-toad-19,PROJECT
f47824cad82f463e8da7a2532b749b50,922568943349878837,FINISHED,file:///home/fischer/repos/ai-energy-validation/mlruns/922568943349878837/f47824cad82f463e8da7a2532b749b50/artifacts,2025-09-17 05:41:48.809000+00:00,2025-09-17 05:44:40.264000+00:00,0.9591216444969177,0.001879351471129901,122.38336779997915,0.8553138971328735,0.8218365907669067,29262.3875559684,0.449360988267328,16,19466823,65120.0,Inference,NVIDIA GeForce RTX 4090,Tensorflow 2.20.0,120,16,/data/d1/fischer_diss/imagenet,EfficientNetB4,ImageNet (ILSVRC 2012),main.py,https://github.com/raphischer/ai-energy-validation.git,file:///home/fischer/repos/ai-energy-validation#experiments/imagenet,conda,fischer,8748110aced22fd68117295a83bd4c322af24d42,local,luminous-dog-526,PROJECT
ee341eae4a5d430db4500fc3d976a10e,922568943349878837,FINISHED,file:///home/fischer/repos/ai-energy-validation/mlruns/922568943349878837/ee341eae4a5d430db4500fc3d976a10e/artifacts,2025-09-17 05:38:53.994000+00:00,2025-09-17 05:41:45.847000+00:00,0.9473792314529419,0.0010975934836887588,128.32184936502017,0.8819006681442261,0.8011239171028137,27477.11846454156,0.23502393650387948,16,12320535,116912.0,Inference,NVIDIA GeForce RTX 4090,Tensorflow 2.20.0,120,16,/data/d1/fischer_diss/imagenet,EfficientNetB3,ImageNet (ILSVRC 2012),main.py,https://github.com/raphischer/ai-energy-validation.git,file:///home/fischer/repos/ai-energy-validation#experiments/imagenet,conda,fischer,8748110aced22fd68117295a83bd4c322af24d42,local,selective-rook-4,PROJECT
296d18bc656748f08357f45016c94196,922568943349878837,FINISHED,file:///home/fischer/repos/ai-energy-validation/mlruns/922568943349878837/296d18bc656748f08357f45016c94196/artifacts,2025-09-17 05:35:57.265000+00:00,2025-09-17 05:38:50.961000+00:00,0.9316233396530151,0.0007815964936410907,131.27069430000847,1.0019490718841553,0.771506130695343,26849.36128733784,0.15986330193946985,16,9177569,167952.0,Inference,NVIDIA GeForce RTX 4090,Tensorflow 2.20.0,120,16,/data/d1/fischer_diss/imagenet,EfficientNetB2,ImageNet (ILSVRC 2012),main.py,https://github.com/raphischer/ai-energy-validation.git,file:///home/fischer/repos/ai-energy-validation#experiments/imagenet,conda,fischer,8748110aced22fd68117295a83bd4c322af24d42,local,bald-koi-319,PROJECT
22c1665560734f0f812599747f656234,922568943349878837,FINISHED,file:///home/fischer/repos/ai-energy-validation/mlruns/922568943349878837/22c1665560734f0f812599747f656234/artifacts,2025-09-17 05:32:24.701000+00:00,2025-09-17 05:35:54.303000+00:00,0.8943170309066772,0.00048222549308702046,171.9500374229974,1.2705292701721191,0.7143329977989197,34706.51224201548,0.09733272077205275,16,5330571,356576.0,Inference,NVIDIA GeForce RTX 4090,Tensorflow 2.20.0,120,16,/data/d1/fischer_diss/imagenet,EfficientNetB0,ImageNet (ILSVRC 2012),main.py,https://github.com/raphischer/ai-energy-validation.git,file:///home/fischer/repos/ai-energy-validation#experiments/imagenet,conda,fischer,8748110aced22fd68117295a83bd4c322af24d42,local,overjoyed-bird-18,PROJECT
57dee661e976498c974e9cf9299d7d9a,922568943349878837,FINISHED,file:///home/fischer/repos/ai-energy-validation/mlruns/922568943349878837/57dee661e976498c974e9cf9299d7d9a/artifacts,2025-09-17 05:29:19.547000+00:00,2025-09-17 05:32:21.918000+00:00,0.8376335501670837,0.00036901057265249337,147.5688040460227,1.6682424545288086,0.6322242617607117,26153.07489034596,0.06539838283774596,16,2554968,399904.0,Inference,NVIDIA GeForce RTX 4090,Tensorflow 2.20.0,120,16,/data/d1/fischer_diss/imagenet,MobileNetV3Small,ImageNet (ILSVRC 2012),main.py,https://github.com/raphischer/ai-energy-validation.git,file:///home/fischer/repos/ai-energy-validation#experiments/imagenet,conda,fischer,8748110aced22fd68117295a83bd4c322af24d42,local,masked-koi-780,PROJECT
4ca6bebaf224421bafea7cc77a4d02c3,922568943349878837,FINISHED,file:///home/fischer/repos/ai-energy-validation/mlruns/922568943349878837/4ca6bebaf224421bafea7cc77a4d02c3/artifacts,2025-09-17 05:26:05.447000+00:00,2025-09-17 05:29:16.659000+00:00,0.8927551507949829,0.00042277760232121736,154.56072696699994,1.2825261354446411,0.7103784680366516,27651.48784202772,0.07563648256495831,16,5507432,365584.0,Inference,NVIDIA GeForce RTX 4090,Tensorflow 2.20.0,120,16,/data/d1/fischer_diss/imagenet,MobileNetV3Large,ImageNet (ILSVRC 2012),main.py,https://github.com/raphischer/ai-energy-validation.git,file:///home/fischer/repos/ai-energy-validation#experiments/imagenet,conda,fischer,8748110aced22fd68117295a83bd4c322af24d42,local,capable-fawn-152,PROJECT
70dcd46341364589ad6638d36e799825,922568943349878837,FINISHED,file:///home/fischer/repos/ai-energy-validation/mlruns/922568943349878837/70dcd46341364589ad6638d36e799825/artifacts,2025-09-17 05:23:14.904000+00:00,2025-09-17 05:26:02.350000+00:00,0.8270071148872375,0.00038975273240641643,130.57028337800875,1.7849472761154175,0.615591287612915,28675.10116368756,0.08559527284031294,16,3538984,335008.0,Inference,NVIDIA GeForce RTX 4090,Tensorflow 2.20.0,120,16,/data/d1/fischer_diss/imagenet,MobileNetV2,ImageNet (ILSVRC 2012),main.py,https://github.com/raphischer/ai-energy-validation.git,file:///home/fischer/repos/ai-energy-validation#experiments/imagenet,conda,fischer,8748110aced22fd68117295a83bd4c322af24d42,local,respected-hawk-241,PROJECT
aaca556c479b4f4fa1cdc5b5ae621a8a,922568943349878837,FINISHED,file:///home/fischer/repos/ai-energy-validation/mlruns/922568943349878837/aaca556c479b4f4fa1cdc5b5ae621a8a/artifacts,2025-09-17 05:20:22.966000+00:00,2025-09-17 05:23:11.943000+00:00,0.8222199082374573,0.0003008170438196018,133.48094521998428,1.8119773864746094,0.6126996874809265,36080.504854139166,0.08131221120627764,16,4253864,443728.0,Inference,NVIDIA GeForce RTX 4090,Tensorflow 2.20.0,120,16,/data/d1/fischer_diss/imagenet,MobileNet,ImageNet (ILSVRC 2012),main.py,https://github.com/raphischer/ai-energy-validation.git,file:///home/fischer/repos/ai-energy-validation#experiments/imagenet,conda,fischer,8748110aced22fd68117295a83bd4c322af24d42,local,funny-flea-769,PROJECT
fae1a8df1242411f81cbe737cbfe9ec4,922568943349878837,FINISHED,file:///home/fischer/repos/ai-energy-validation/mlruns/922568943349878837/fae1a8df1242411f81cbe737cbfe9ec4/artifacts,2025-09-17 05:17:32.747000+00:00,2025-09-17 05:20:20.032000+00:00,0.9266933798789978,0.0008703861060378016,128.7057342720218,1.0372337102890015,0.7635251879692078,28756.57567433652,0.19446937671997755,16,23851784,147872.0,Inference,NVIDIA GeForce RTX 4090,Tensorflow 2.20.0,120,16,/data/d1/fischer_diss/imagenet,InceptionV3,ImageNet (ILSVRC 2012),main.py,https://github.com/raphischer/ai-energy-validation.git,file:///home/fischer/repos/ai-energy-validation#experiments/imagenet,conda,fischer,8748110aced22fd68117295a83bd4c322af24d42,local,abrasive-sloth-871,PROJECT
571d4c0a044e407d85fbb83d9ba886f3,922568943349878837,FINISHED,file:///home/fischer/repos/ai-energy-validation/mlruns/922568943349878837/571d4c0a044e407d85fbb83d9ba886f3/artifacts,2025-09-17 05:14:41.127000+00:00,2025-09-17 05:17:29.759000+00:00,0.9427281022071838,0.0019169369846160557,121.36511437001172,0.9087256193161011,0.7891868948936462,26872.588892757598,0.4244470067721379,16,55873736,63312.0,Inference,NVIDIA GeForce RTX 4090,Tensorflow 2.20.0,120,16,/data/d1/fischer_diss/imagenet,InceptionResNetV2,ImageNet (ILSVRC 2012),main.py,https://github.com/raphischer/ai-energy-validation.git,file:///home/fischer/repos/ai-energy-validation#experiments/imagenet,conda,fischer,8748110aced22fd68117295a83bd4c322af24d42,local,mysterious-mink-350,PROJECT
9c483bb2d8d640d9aff592ddde06f400,922568943349878837,FINISHED,file:///home/fischer/repos/ai-energy-validation/mlruns/922568943349878837/9c483bb2d8d640d9aff592ddde06f400/artifacts,2025-09-17 05:11:50.534000+00:00,2025-09-17 05:14:38.230000+00:00,0.8716449737548828,0.0015725703844292076,123.74241840996548,1.7372002601623535,0.6783626675605774,29715.571037958118,0.3776378995267146,16,60380648,78688.0,Inference,NVIDIA GeForce RTX 4090,Tensorflow 2.20.0,120,16,/data/d1/fischer_diss/imagenet,ResNet152V2,ImageNet (ILSVRC 2012),main.py,https://github.com/raphischer/ai-energy-validation.git,file:///home/fischer/repos/ai-energy-validation#experiments/imagenet,conda,fischer,8748110aced22fd68117295a83bd4c322af24d42,local,zealous-hen-965,PROJECT
27add2636c7b462c9303119fbc4936d9,922568943349878837,FINISHED,file:///home/fischer/repos/ai-energy-validation/mlruns/922568943349878837/27add2636c7b462c9303119fbc4936d9/artifacts,2025-09-17 05:09:06.467000+00:00,2025-09-17 05:11:47.618000+00:00,0.8696123957633972,0.001069768333927148,121.32028721401002,1.7857712507247925,0.6726862192153931,29872.18790735652,0.26340459145171874,16,44675560,113408.0,Inference,NVIDIA GeForce RTX 4090,Tensorflow 2.20.0,120,16,/data/d1/fischer_diss/imagenet,ResNet101V2,ImageNet (ILSVRC 2012),main.py,https://github.com/raphischer/ai-energy-validation.git,file:///home/fischer/repos/ai-energy-validation#experiments/imagenet,conda,fischer,8748110aced22fd68117295a83bd4c322af24d42,local,bouncy-mink-611,PROJECT
5c474f6660fb4a6fb909c3165ac7f805,922568943349878837,FINISHED,file:///home/fischer/repos/ai-energy-validation/mlruns/922568943349878837/5c474f6660fb4a6fb909c3165ac7f805/artifacts,2025-09-17 05:06:16.448000+00:00,2025-09-17 05:09:03.482000+00:00,0.8554748892784119,0.0005833485812900594,130.95008952799253,1.801474690437317,0.6516526937484741,33935.7594356748,0.15117497966711868,16,25613800,224480.0,Inference,NVIDIA GeForce RTX 4090,Tensorflow 2.20.0,120,16,/data/d1/fischer_diss/imagenet,ResNet50V2,ImageNet (ILSVRC 2012),main.py,https://github.com/raphischer/ai-energy-validation.git,file:///home/fischer/repos/ai-energy-validation#experiments/imagenet,conda,fischer,8748110aced22fd68117295a83bd4c322af24d42,local,bouncy-cod-851,PROJECT
f83dea969a2241b1b75bdf9c3254ff03,922568943349878837,FINISHED,file:///home/fischer/repos/ai-energy-validation/mlruns/922568943349878837/f83dea969a2241b1b75bdf9c3254ff03/artifacts,2025-09-17 05:03:23.247000+00:00,2025-09-17 05:06:13.562000+00:00,0.8998696804046631,0.0017223332995089543,126.8739601750276,1.2284295558929443,0.7240443229675293,30238.4785042818,0.41049194320538934,16,60419944,73664.0,Inference,NVIDIA GeForce RTX 4090,Tensorflow 2.20.0,120,16,/data/d1/fischer_diss/imagenet,ResNet152,ImageNet (ILSVRC 2012),main.py,https://github.com/raphischer/ai-energy-validation.git,file:///home/fischer/repos/ai-energy-validation#experiments/imagenet,conda,fischer,8748110aced22fd68117295a83bd4c322af24d42,local,defiant-pug-374,PROJECT
2f10bd3b6f464402b1775c4f2031af92,922568943349878837,FINISHED,file:///home/fischer/repos/ai-energy-validation/mlruns/922568943349878837/2f10bd3b6f464402b1775c4f2031af92/artifacts,2025-09-17 05:00:38.710000+00:00,2025-09-17 05:03:20.403000+00:00,0.8956207633018494,0.0013072366355270544,120.9559914120473,1.2559353113174438,0.7178907990455627,28126.04994273528,0.3039733912192556,16,44707176,92528.0,Inference,NVIDIA GeForce RTX 4090,Tensorflow 2.20.0,120,16,/data/d1/fischer_diss/imagenet,ResNet101,ImageNet (ILSVRC 2012),main.py,https://github.com/raphischer/ai-energy-validation.git,file:///home/fischer/repos/ai-energy-validation#experiments/imagenet,conda,fischer,8748110aced22fd68117295a83bd4c322af24d42,local,gentle-zebra-485,PROJECT
0631dbabe7c0469ca4488636eaffcc04,922568943349878837,FINISHED,file:///home/fischer/repos/ai-energy-validation/mlruns/922568943349878837/0631dbabe7c0469ca4488636eaffcc04/artifacts,2025-09-17 04:57:57.931000+00:00,2025-09-17 05:00:35.913000+00:00,0.8853944540023804,0.0006749360703152014,121.68287424498703,1.3253228664398193,0.7009395956993103,33203.5071618384,0.18416925786429714,16,25636712,180288.0,Inference,NVIDIA GeForce RTX 4090,Tensorflow 2.20.0,120,16,/data/d1/fischer_diss/imagenet,ResNet50,ImageNet (ILSVRC 2012),main.py,https://github.com/raphischer/ai-energy-validation.git,file:///home/fischer/repos/ai-energy-validation#experiments/imagenet,conda,fischer,8748110aced22fd68117295a83bd4c322af24d42,local,awesome-newt-91,PROJECT
6e8737082443467abfb60744f8394ce7,922568943349878837,FINISHED,file:///home/fischer/repos/ai-energy-validation/mlruns/922568943349878837/6e8737082443467abfb60744f8394ce7/artifacts,2025-09-17 04:54:56.119000+00:00,2025-09-17 04:57:55.087000+00:00,0.8996316194534302,0.0014541960158107887,131.06377851299476,1.174491047859192,0.725379467010498,19086.89279436972,0.21177539493131678,16,20242984,90128.0,Inference,NVIDIA GeForce RTX 4090,Tensorflow 2.20.0,120,16,/data/d1/fischer_diss/imagenet,DenseNet201,ImageNet (ILSVRC 2012),main.py,https://github.com/raphischer/ai-energy-validation.git,file:///home/fischer/repos/ai-energy-validation#experiments/imagenet,conda,fischer,8748110aced22fd68117295a83bd4c322af24d42,local,unequaled-ant-831,PROJECT
6bc3ceb06d4b448e9b4f18f6c24d5c14,922568943349878837,FINISHED,file:///home/fischer/repos/ai-energy-validation/mlruns/922568943349878837/6bc3ceb06d4b448e9b4f18f6c24d5c14/artifacts,2025-09-17 04:51:48.748000+00:00,2025-09-17 04:54:53.225000+00:00,0.8827069997787476,0.0008353385134671115,145.4558246730012,1.2990485429763794,0.6926973462104797,26183.63647739376,0.1503700523602968,16,8062504,174128.0,Inference,NVIDIA GeForce RTX 4090,Tensorflow 2.20.0,120,16,/data/d1/fischer_diss/imagenet,DenseNet121,ImageNet (ILSVRC 2012),main.py,https://github.com/raphischer/ai-energy-validation.git,file:///home/fischer/repos/ai-energy-validation#experiments/imagenet,conda,fischer,8748110aced22fd68117295a83bd4c322af24d42,local,bedecked-slug-136,PROJECT
ca59fac845d94b34bbc6ecf6cc4cca1d,922568943349878837,FINISHED,file:///home/fischer/repos/ai-energy-validation/mlruns/922568943349878837/ca59fac845d94b34bbc6ecf6cc4cca1d/artifacts,2025-09-17 04:48:33.122000+00:00,2025-09-17 04:51:45.981000+00:00,0.9319697618484497,0.0010256522783480186,157.45813777198782,0.9948333501815796,0.7766088843345642,34428.4045361244,0.2242600608137337,4,28589128,153520.0,Inference,NVIDIA GeForce RTX 4090,Tensorflow 2.20.0,120,4,/data/d1/fischer_diss/imagenet,ConvNeXtTiny,ImageNet (ILSVRC 2012),main.py,https://github.com/raphischer/ai-energy-validation.git,file:///home/fischer/repos/ai-energy-validation#experiments/imagenet,conda,fischer,8748110aced22fd68117295a83bd4c322af24d42,local,debonair-cub-222,PROJECT
eb4c6662fea24018bb05ccea57a8e587,922568943349878837,FINISHED,file:///home/fischer/repos/ai-energy-validation/mlruns/922568943349878837/eb4c6662fea24018bb05ccea57a8e587/artifacts,2025-09-17 04:46:00.536000+00:00,2025-09-17 04:48:30.274000+00:00,0.9391533136367798,0.002066734010313224,110.62813810404624,0.9065173864364624,0.7912494540214539,21120.41258153172,0.3945675642940465,4,50223688,53528.0,Inference,NVIDIA GeForce RTX 4090,Tensorflow 2.20.0,120,4,/data/d1/fischer_diss/imagenet,ConvNeXtSmall,ImageNet (ILSVRC 2012),main.py,https://github.com/raphischer/ai-energy-validation.git,file:///home/fischer/repos/ai-energy-validation#experiments/imagenet,conda,fischer,8748110aced22fd68117295a83bd4c322af24d42,local,fortunate-colt-614,PROJECT
e52a6b2b4b6146cba3bf4cc4138aa302,922568943349878837,FINISHED,file:///home/fischer/repos/ai-energy-validation/mlruns/922568943349878837/e52a6b2b4b6146cba3bf4cc4138aa302/artifacts,2025-09-17 04:43:20.427000+00:00,2025-09-17 04:45:57.373000+00:00,0.9578023552894592,0.0024252840460585847,114.94876264699268,0.7370882034301758,0.8194151520729065,24350.69857848408,0.5137711743287214,4,88591464,47396.0,Inference,NVIDIA GeForce RTX 4090,Tensorflow 2.20.0,120,4,/data/d1/fischer_diss/imagenet,ConvNeXtBase,ImageNet (ILSVRC 2012),main.py,https://github.com/raphischer/ai-energy-validation.git,file:///home/fischer/repos/ai-energy-validation#experiments/imagenet,conda,fischer,8748110aced22fd68117295a83bd4c322af24d42,local,exultant-slug-856,PROJECT
da885a6aa63f49a688a3ca14898428e0,922568943349878837,FINISHED,file:///home/fischer/repos/ai-energy-validation/mlruns/922568943349878837/da885a6aa63f49a688a3ca14898428e0/artifacts,2025-09-17 04:40:34.688000+00:00,2025-09-17 04:43:17.600000+00:00,0.865414559841156,0.0014657824412713145,124.1693621649756,1.4158129692077637,0.6679337024688721,37960.45367385744,0.448111881124958,4,143667240,84712.0,Inference,NVIDIA GeForce RTX 4090,Tensorflow 2.20.0,120,4,/data/d1/fischer_diss/imagenet,VGG19,ImageNet (ILSVRC 2012),main.py,https://github.com/raphischer/ai-energy-validation.git,file:///home/fischer/repos/ai-energy-validation#experiments/imagenet,conda,fischer,8748110aced22fd68117295a83bd4c322af24d42,local,luminous-zebra-523,PROJECT
e9328caf9fd842ca8b5e70b4ad74d0c2,922568943349878837,FINISHED,file:///home/fischer/repos/ai-energy-validation/mlruns/922568943349878837/e9328caf9fd842ca8b5e70b4ad74d0c2/artifacts,2025-09-17 04:37:54.393000+00:00,2025-09-17 04:40:32.034000+00:00,0.8666207790374756,0.001197695268473078,120.1384169899975,1.4128104448318481,0.6701958179473877,37339.78300433352,0.3722512960514966,4,138357544,100308.0,Inference,NVIDIA GeForce RTX 4090,Tensorflow 2.20.0,120,4,/data/d1/fischer_diss/imagenet,VGG16,ImageNet (ILSVRC 2012),main.py,https://github.com/raphischer/ai-energy-validation.git,file:///home/fischer/repos/ai-energy-validation#experiments/imagenet,conda,fischer,8748110aced22fd68117295a83bd4c322af24d42,local,legendary-foal-713,PROJECT
a22da5de71ca454c9ca226e608699e56,922568943349878837,FINISHED,file:///home/fischer/repos/ai-energy-validation/mlruns/922568943349878837/a22da5de71ca454c9ca226e608699e56/artifacts,2025-09-17 04:35:16.843000+00:00,2025-09-17 04:37:51.611000+00:00,0.9353668093681335,0.0016254208849027728,113.34384914604016,0.9755569696426392,0.7773905992507935,25858.13211159408,0.3708216043078369,4,22910480,69732.0,Inference,NVIDIA GeForce RTX 4090,Tensorflow 2.20.0,120,4,/data/d1/fischer_diss/imagenet,Xception,ImageNet (ILSVRC 2012),main.py,https://github.com/raphischer/ai-energy-validation.git,file:///home/fischer/repos/ai-energy-validation#experiments/imagenet,conda,fischer,8748110aced22fd68117295a83bd4c322af24d42,local,peaceful-ape-867,PROJECT
49526f0248bc4430a066a47757f22a6f,922568943349878837,FINISHED,file:///home/fischer/repos/ai-energy-validation/mlruns/922568943349878837/49526f0248bc4430a066a47757f22a6f/artifacts,2025-09-17 04:32:32.469000+00:00,2025-09-17 04:35:14.156000+00:00,0.8813121914863586,0.002754400385394464,117.38152682397047,1.346099853515625,0.6956542134284973,13043.1445222644,0.30606214854196545,4,5326716,42616.0,Inference,NVIDIA GeForce RTX 4090,Tensorflow 2.20.0,120,4,/data/d1/fischer_diss/imagenet,NASNetMobile,ImageNet (ILSVRC 2012),main.py,https://github.com/raphischer/ai-energy-validation.git,file:///home/fischer/repos/ai-energy-validation#experiments/imagenet,conda,fischer,8748110aced22fd68117295a83bd4c322af24d42,local,omniscient-mink-988,PROJECT
7b4eb8d64a9f4b8eb614c658db803dc5,922568943349878837,FINISHED,file:///home/fischer/repos/ai-energy-validation/mlruns/922568943349878837/7b4eb8d64a9f4b8eb614c658db803dc5/artifacts,2025-09-17 04:29:44.158000+00:00,2025-09-17 04:32:29.656000+00:00,0.9635042548179626,0.0025921349171034815,122.73240405501564,0.7196632623672485,0.8312917351722717,21656.72762146872,0.4573947710878753,4,21612360,47348.0,Inference,NVIDIA GeForce RTX 4090,Tensorflow 2.20.0,120,4,/data/d1/fischer_diss/imagenet,EfficientNetV2S,ImageNet (ILSVRC 2012),main.py,https://github.com/raphischer/ai-energy-validation.git,file:///home/fischer/repos/ai-energy-validation#experiments/imagenet,conda,fischer,8748110aced22fd68117295a83bd4c322af24d42,local,burly-goat-38,PROJECT
35557b7ec6ff491fbd484c9267381446,922568943349878837,FINISHED,file:///home/fischer/repos/ai-energy-validation/mlruns/922568943349878837/35557b7ec6ff491fbd484c9267381446/artifacts,2025-09-17 04:26:34.826000+00:00,2025-09-17 04:29:41.483000+00:00,0.948702871799469,0.0019087335267143055,145.97230518900324,0.8291234374046326,0.8057429790496826,21655.01368633788,0.2831609091262341,4,14467622,76476.0,Inference,NVIDIA GeForce RTX 4090,Tensorflow 2.20.0,120,4,/data/d1/fischer_diss/imagenet,EfficientNetV2B3,ImageNet (ILSVRC 2012),main.py,https://github.com/raphischer/ai-energy-validation.git,file:///home/fischer/repos/ai-energy-validation#experiments/imagenet,conda,fischer,8748110aced22fd68117295a83bd4c322af24d42,local,sassy-cow-243,PROJECT
f0d47ca495854a9bbb40c2dccfe8247f,922568943349878837,FINISHED,file:///home/fischer/repos/ai-energy-validation/mlruns/922568943349878837/f0d47ca495854a9bbb40c2dccfe8247f/artifacts,2025-09-17 04:22:38.615000+00:00,2025-09-17 04:26:32.022000+00:00,0.9301087260246277,0.0015514016099143775,194.6264347669785,0.967684268951416,0.774583101272583,27805.29718875696,0.22164092392912793,4,10178374,125452.0,Inference,NVIDIA GeForce RTX 4090,Tensorflow 2.20.0,120,4,/data/d1/fischer_diss/imagenet,EfficientNetV2B2,ImageNet (ILSVRC 2012),main.py,https://github.com/raphischer/ai-energy-validation.git,file:///home/fischer/repos/ai-energy-validation#experiments/imagenet,conda,fischer,8748110aced22fd68117295a83bd4c322af24d42,local,intelligent-eel-58,PROJECT
35905629d23343c99c5f5ba8a7df90c9,922568943349878837,FINISHED,file:///home/fischer/repos/ai-energy-validation/mlruns/922568943349878837/35905629d23343c99c5f5ba8a7df90c9/artifacts,2025-09-17 04:19:28.914000+00:00,2025-09-17 04:22:35.999000+00:00,0.9224470257759094,0.0011826197524816198,149.62505108397454,1.0329198837280273,0.7593502998352051,22819.124789933037,0.18035982287332467,4,8212124,126520.0,Inference,NVIDIA GeForce RTX 4090,Tensorflow 2.20.0,120,4,/data/d1/fischer_diss/imagenet,EfficientNetV2B1,ImageNet (ILSVRC 2012),main.py,https://github.com/raphischer/ai-energy-validation.git,file:///home/fischer/repos/ai-energy-validation#experiments/imagenet,conda,fischer,8748110aced22fd68117295a83bd4c322af24d42,local,intelligent-worm-904,PROJECT
0ec81b01b22146f19b7d29e82c9fcf60,922568943349878837,FINISHED,file:///home/fischer/repos/ai-energy-validation/mlruns/922568943349878837/0ec81b01b22146f19b7d29e82c9fcf60/artifacts,2025-09-17 04:16:06.389000+00:00,2025-09-17 04:19:26.183000+00:00,0.9100341200828552,0.0010111347340447027,162.35992651502602,1.1286076307296753,0.7378994822502136,24135.88905488232,0.15031194140250054,4,7200312,160572.0,Inference,NVIDIA GeForce RTX 4090,Tensorflow 2.20.0,120,4,/data/d1/fischer_diss/imagenet,EfficientNetV2B0,ImageNet (ILSVRC 2012),main.py,https://github.com/raphischer/ai-energy-validation.git,file:///home/fischer/repos/ai-energy-validation#experiments/imagenet,conda,fischer,8748110aced22fd68117295a83bd4c322af24d42,local,calm-lark-481,PROJECT
30d3b8e0dfbc4aa6875349d2236a6739,922568943349878837,FINISHED,file:///home/fischer/repos/ai-energy-validation/mlruns/922568943349878837/30d3b8e0dfbc4aa6875349d2236a6739/artifacts,2025-09-17 04:13:29.347000+00:00,2025-09-17 04:16:03.642000+00:00,0.9588775634765625,0.002588752460369847,110.98499548097608,0.8554428815841675,0.8219350576400757,20616.50911361364,0.4808851724578662,4,19466823,42872.0,Inference,NVIDIA GeForce RTX 4090,Tensorflow 2.20.0,120,4,/data/d1/fischer_diss/imagenet,EfficientNetB4,ImageNet (ILSVRC 2012),main.py,https://github.com/raphischer/ai-energy-validation.git,file:///home/fischer/repos/ai-energy-validation#experiments/imagenet,conda,fischer,8748110aced22fd68117295a83bd4c322af24d42,local,judicious-toad-912,PROJECT
5802ea02a11a49ccbfe0cee9b2cce35f,922568943349878837,FINISHED,file:///home/fischer/repos/ai-energy-validation/mlruns/922568943349878837/5802ea02a11a49ccbfe0cee9b2cce35f/artifacts,2025-09-17 04:10:37.899000+00:00,2025-09-17 04:13:26.612000+00:00,0.947454035282135,0.001739867607734926,128.33959421695909,0.8802139759063721,0.8018274307250977,21548.835862068237,0.2921321493149536,4,12320535,73764.0,Inference,NVIDIA GeForce RTX 4090,Tensorflow 2.20.0,120,4,/data/d1/fischer_diss/imagenet,EfficientNetB3,ImageNet (ILSVRC 2012),main.py,https://github.com/raphischer/ai-energy-validation.git,file:///home/fischer/repos/ai-energy-validation#experiments/imagenet,conda,fischer,8748110aced22fd68117295a83bd4c322af24d42,local,worried-rat-659,PROJECT
2fdca61cf1d846c1a7859e64596ee5d0,922568943349878837,FINISHED,file:///home/fischer/repos/ai-energy-validation/mlruns/922568943349878837/2fdca61cf1d846c1a7859e64596ee5d0/artifacts,2025-09-17 04:07:10.216000+00:00,2025-09-17 04:10:35.252000+00:00,0.9318491816520691,0.001530410629016289,165.9516069680103,1.0013517141342163,0.7717732191085815,24490.78203645576,0.2258547164821255,4,9177569,108436.0,Inference,NVIDIA GeForce RTX 4090,Tensorflow 2.20.0,120,4,/data/d1/fischer_diss/imagenet,EfficientNetB2,ImageNet (ILSVRC 2012),main.py,https://github.com/raphischer/ai-energy-validation.git,file:///home/fischer/repos/ai-energy-validation#experiments/imagenet,conda,fischer,8748110aced22fd68117295a83bd4c322af24d42,local,selective-toad-876,PROJECT
8a7ca143dad74345850cd86fa0681853,922568943349878837,FINISHED,file:///home/fischer/repos/ai-energy-validation/mlruns/922568943349878837/8a7ca143dad74345850cd86fa0681853/artifacts,2025-09-17 04:03:25.817000+00:00,2025-09-17 04:07:07.652000+00:00,0.8944701552391052,0.0008692126898549912,184.9128307889914,1.2694836854934692,0.7145287990570068,29949.486192624237,0.1407824072682773,4,5330571,212736.0,Inference,NVIDIA GeForce RTX 4090,Tensorflow 2.20.0,120,4,/data/d1/fischer_diss/imagenet,EfficientNetB0,ImageNet (ILSVRC 2012),main.py,https://github.com/raphischer/ai-energy-validation.git,file:///home/fischer/repos/ai-energy-validation#experiments/imagenet,conda,fischer,8748110aced22fd68117295a83bd4c322af24d42,local,sedate-cod-514,PROJECT
9d1a513093274709b302a6381f4d3096,922568943349878837,FINISHED,file:///home/fischer/repos/ai-energy-validation/mlruns/922568943349878837/9d1a513093274709b302a6381f4d3096/artifacts,2025-09-17 04:00:35.142000+00:00,2025-09-17 04:03:23.200000+00:00,0.8375579714775085,0.0005212972712381008,134.82832623302238,1.6680713891983032,0.6323460936546326,26958.66063500952,0.1042323717716112,4,2554968,258640.0,Inference,NVIDIA GeForce RTX 4090,Tensorflow 2.20.0,120,4,/data/d1/fischer_diss/imagenet,MobileNetV3Small,ImageNet (ILSVRC 2012),main.py,https://github.com/raphischer/ai-energy-validation.git,file:///home/fischer/repos/ai-energy-validation#experiments/imagenet,conda,fischer,8748110aced22fd68117295a83bd4c322af24d42,local,agreeable-gull-499,PROJECT
0e0ede2df93e4814bb9ff33f816f7a5c,922568943349878837,FINISHED,file:///home/fischer/repos/ai-energy-validation/mlruns/922568943349878837/0e0ede2df93e4814bb9ff33f816f7a5c/artifacts,2025-09-17 03:57:20.974000+00:00,2025-09-17 04:00:32.517000+00:00,0.8928313255310059,0.0006525482340149698,155.32997143198736,1.282421350479126,0.710430383682251,28276.245758480763,0.11878978708464587,4,5507432,238036.0,Inference,NVIDIA GeForce RTX 4090,Tensorflow 2.20.0,120,4,/data/d1/fischer_diss/imagenet,MobileNetV3Large,ImageNet (ILSVRC 2012),main.py,https://github.com/raphischer/ai-energy-validation.git,file:///home/fischer/repos/ai-energy-validation#experiments/imagenet,conda,fischer,8748110aced22fd68117295a83bd4c322af24d42,local,aged-fowl-751,PROJECT
152d3e428cfc46d983754302d982bb96,922568943349878837,FINISHED,file:///home/fischer/repos/ai-energy-validation/mlruns/922568943349878837/152d3e428cfc46d983754302d982bb96/artifacts,2025-09-17 03:54:23.938000+00:00,2025-09-17 03:57:18.467000+00:00,0.8270285129547119,0.0005457540443079927,138.98827397200512,1.7849336862564087,0.6155054569244385,30317.42641306932,0.11904499282633867,4,3538984,254672.0,Inference,NVIDIA GeForce RTX 4090,Tensorflow 2.20.0,120,4,/data/d1/fischer_diss/imagenet,MobileNetV2,ImageNet (ILSVRC 2012),main.py,https://github.com/raphischer/ai-energy-validation.git,file:///home/fischer/repos/ai-energy-validation#experiments/imagenet,conda,fischer,8748110aced22fd68117295a83bd4c322af24d42,local,gregarious-fawn-249,PROJECT
997e5cdf8a3441f8aa4e10abcaf28418,922568943349878837,FINISHED,file:///home/fischer/repos/ai-energy-validation/mlruns/922568943349878837/997e5cdf8a3441f8aa4e10abcaf28418/artifacts,2025-09-17 03:51:40.678000+00:00,2025-09-17 03:54:21.224000+00:00,0.8222333192825317,0.0003921872815868152,125.66464876604732,1.8121461868286133,0.6127800941467285,33190.73341083504,0.10358508648285077,4,4253864,320420.0,Inference,NVIDIA GeForce RTX 4090,Tensorflow 2.20.0,120,4,/data/d1/fischer_diss/imagenet,MobileNet,ImageNet (ILSVRC 2012),main.py,https://github.com/raphischer/ai-energy-validation.git,file:///home/fischer/repos/ai-energy-validation#experiments/imagenet,conda,fischer,8748110aced22fd68117295a83bd4c322af24d42,local,intelligent-rook-70,PROJECT
446984c05c284d748a2b992d41b520d5,922568943349878837,FINISHED,file:///home/fischer/repos/ai-energy-validation/mlruns/922568943349878837/446984c05c284d748a2b992d41b520d5/artifacts,2025-09-17 03:49:07.852000+00:00,2025-09-17 03:51:38.159000+00:00,0.9270274043083191,0.001689478211270191,113.3301984120044,1.0339502096176147,0.7645497918128967,20146.4094225384,0.3003340701034347,4,23851784,67080.0,Inference,NVIDIA GeForce RTX 4090,Tensorflow 2.20.0,120,4,/data/d1/fischer_diss/imagenet,InceptionV3,ImageNet (ILSVRC 2012),main.py,https://github.com/raphischer/ai-energy-validation.git,file:///home/fischer/repos/ai-energy-validation#experiments/imagenet,conda,fischer,8748110aced22fd68117295a83bd4c322af24d42,local,gaudy-moose-473,PROJECT
1bc01698ef71417582722a2732569204,922568943349878837,FINISHED,file:///home/fischer/repos/ai-energy-validation/mlruns/922568943349878837/1bc01698ef71417582722a2732569204/artifacts,2025-09-17 03:46:22.652000+00:00,2025-09-17 03:49:05.325000+00:00,0.9427949786186218,0.003766028822901001,119.48856249300296,0.9094196557998657,0.789239764213562,21245.519846884323,0.6696142160515735,4,55873736,31728.0,Inference,NVIDIA GeForce RTX 4090,Tensorflow 2.20.0,120,4,/data/d1/fischer_diss/imagenet,InceptionResNetV2,ImageNet (ILSVRC 2012),main.py,https://github.com/raphischer/ai-energy-validation.git,file:///home/fischer/repos/ai-energy-validation#experiments/imagenet,conda,fischer,8748110aced22fd68117295a83bd4c322af24d42,local,upset-slug-543,PROJECT
92834345fa064a7cbf23e8acfd325b81,922568943349878837,FINISHED,file:///home/fischer/repos/ai-energy-validation/mlruns/922568943349878837/92834345fa064a7cbf23e8acfd325b81/artifacts,2025-09-17 03:43:41.820000+00:00,2025-09-17 03:46:19.612000+00:00,0.8722905516624451,0.003668565790848471,115.76526209601434,1.7274353504180908,0.6801875829696655,19577.72899823472,0.6204122511799569,4,60380648,31556.0,Inference,NVIDIA GeForce RTX 4090,Tensorflow 2.20.0,120,4,/data/d1/fischer_diss/imagenet,ResNet152V2,ImageNet (ILSVRC 2012),main.py,https://github.com/raphischer/ai-energy-validation.git,file:///home/fischer/repos/ai-energy-validation#experiments/imagenet,conda,fischer,8748110aced22fd68117295a83bd4c322af24d42,local,flawless-quail-69,PROJECT
cc4f7e4ca572467fa8974ce41ea5d99c,922568943349878837,FINISHED,file:///home/fischer/repos/ai-energy-validation/mlruns/922568943349878837/cc4f7e4ca572467fa8974ce41ea5d99c/artifacts,2025-09-17 03:41:04.010000+00:00,2025-09-17 03:43:39.282000+00:00,0.8697444796562195,0.002285381047416744,116.97494353097863,1.786109447479248,0.6729837656021118,21981.313145274118,0.4294567275960089,4,44675560,51184.0,Inference,NVIDIA GeForce RTX 4090,Tensorflow 2.20.0,120,4,/data/d1/fischer_diss/imagenet,ResNet101V2,ImageNet (ILSVRC 2012),main.py,https://github.com/raphischer/ai-energy-validation.git,file:///home/fischer/repos/ai-energy-validation#experiments/imagenet,conda,fischer,8748110aced22fd68117295a83bd4c322af24d42,local,spiffy-frog-30,PROJECT
a2410c426c254ba799d93d6d96b3814b,922568943349878837,FINISHED,file:///home/fischer/repos/ai-energy-validation/mlruns/922568943349878837/a2410c426c254ba799d93d6d96b3814b/artifacts,2025-09-17 03:38:04.714000+00:00,2025-09-17 03:41:01.514000+00:00,0.8554056286811829,0.0012390399544133705,142.34090996300802,1.803452730178833,0.6513927578926086,27670.06479805452,0.2408605919050707,4,25613800,114880.0,Inference,NVIDIA GeForce RTX 4090,Tensorflow 2.20.0,120,4,/data/d1/fischer_diss/imagenet,ResNet50V2,ImageNet (ILSVRC 2012),main.py,https://github.com/raphischer/ai-energy-validation.git,file:///home/fischer/repos/ai-energy-validation#experiments/imagenet,conda,fischer,8748110aced22fd68117295a83bd4c322af24d42,local,delightful-hawk-478,PROJECT
7bd882760b984730857ea3bb03a40a08,922568943349878837,FINISHED,file:///home/fischer/repos/ai-energy-validation/mlruns/922568943349878837/7bd882760b984730857ea3bb03a40a08/artifacts,2025-09-17 03:35:18.959000+00:00,2025-09-17 03:38:02.353000+00:00,0.8996057510375977,0.004328476053082191,120.76448188099312,1.2229686975479126,0.7244802713394165,21482.31937183164,0.7699756047251484,4,60419944,27900.0,Inference,NVIDIA GeForce RTX 4090,Tensorflow 2.20.0,120,4,/data/d1/fischer_diss/imagenet,ResNet152,ImageNet (ILSVRC 2012),main.py,https://github.com/raphischer/ai-energy-validation.git,file:///home/fischer/repos/ai-energy-validation#experiments/imagenet,conda,fischer,8748110aced22fd68117295a83bd4c322af24d42,local,placid-carp-244,PROJECT
ae4fa79866434e7a86c168ed816526d5,922568943349878837,FINISHED,file:///home/fischer/repos/ai-energy-validation/mlruns/922568943349878837/ae4fa79866434e7a86c168ed816526d5/artifacts,2025-09-17 03:32:40.863000+00:00,2025-09-17 03:35:16.440000+00:00,0.8954386115074158,0.0027706316343077387,116.98715012700995,1.2523927688598633,0.7180039882659912,22952.84408321724,0.543597103145539,4,44707176,42224.0,Inference,NVIDIA GeForce RTX 4090,Tensorflow 2.20.0,120,4,/data/d1/fischer_diss/imagenet,ResNet101,ImageNet (ILSVRC 2012),main.py,https://github.com/raphischer/ai-energy-validation.git,file:///home/fischer/repos/ai-energy-validation#experiments/imagenet,conda,fischer,8748110aced22fd68117295a83bd4c322af24d42,local,gentle-toad-95,PROJECT
f40d53e7a6f7423bad0e0e5347e8948a,922568943349878837,FINISHED,file:///home/fischer/repos/ai-energy-validation/mlruns/922568943349878837/f40d53e7a6f7423bad0e0e5347e8948a/artifacts,2025-09-17 03:30:00.718000+00:00,2025-09-17 03:32:38.296000+00:00,0.8852708339691162,0.001144277930591358,122.60709170700284,1.3268020153045654,0.7007597088813782,30695.8065185376,0.28648044311174825,4,25636712,107148.0,Inference,NVIDIA GeForce RTX 4090,Tensorflow 2.20.0,120,4,/data/d1/fischer_diss/imagenet,ResNet50,ImageNet (ILSVRC 2012),main.py,https://github.com/raphischer/ai-energy-validation.git,file:///home/fischer/repos/ai-energy-validation#experiments/imagenet,conda,fischer,8748110aced22fd68117295a83bd4c322af24d42,local,masked-trout-445,PROJECT
49aecb42c7b24c37b33f458a4109ffaa,922568943349878837,FINISHED,file:///home/fischer/repos/ai-energy-validation/mlruns/922568943349878837/49aecb42c7b24c37b33f458a4109ffaa/artifacts,2025-09-17 03:27:19.524000+00:00,2025-09-17 03:29:58.145000+00:00,0.8992368578910828,0.00283462640069324,112.92017729801591,1.173288345336914,0.7255497574806213,16052.9739685848,0.40297655308225727,4,20242984,39836.0,Inference,NVIDIA GeForce RTX 4090,Tensorflow 2.20.0,120,4,/data/d1/fischer_diss/imagenet,DenseNet201,ImageNet (ILSVRC 2012),main.py,https://github.com/raphischer/ai-energy-validation.git,file:///home/fischer/repos/ai-energy-validation#experiments/imagenet,conda,fischer,8748110aced22fd68117295a83bd4c322af24d42,local,bedecked-croc-775,PROJECT
0d599db4202c4e52bb4298855a84bf98,922568943349878837,FINISHED,file:///home/fischer/repos/ai-energy-validation/mlruns/922568943349878837/0d599db4202c4e52bb4298855a84bf98/artifacts,2025-09-17 03:24:33.250000+00:00,2025-09-17 03:27:17.070000+00:00,0.8827477097511292,0.0014432952755284187,126.0227702780394,1.298951268196106,0.6927825212478638,20678.40356872608,0.23682261634438226,4,8062504,87316.0,Inference,NVIDIA GeForce RTX 4090,Tensorflow 2.20.0,120,4,/data/d1/fischer_diss/imagenet,DenseNet121,ImageNet (ILSVRC 2012),main.py,https://github.com/raphischer/ai-energy-validation.git,file:///home/fischer/repos/ai-energy-validation#experiments/imagenet,conda,fischer,8748110aced22fd68117295a83bd4c322af24d42,local,bald-deer-511,PROJECT

