run_id,experiment_id,status,artifact_uri,start_time,end_time,metrics.running_time_total,metrics.running_time,metrics.sparse_top_k_categorical_accuracy,metrics.power_draw_total,metrics.loss,metrics.sparse_categorical_accuracy,metrics.power_draw,params.batchsize,params.architecture,params.batch_size,params.seconds,params.dataset,params.task,params.datadir,params.software,params.n_samples,params.parameters,params.model,tags.mlflow.source.type,tags.mlflow.project.env,tags.mlflow.project.backend,tags.mlflow.runName,tags.mlflow.source.git.repoURL,tags.mlflow.source.git.commit,tags.mlflow.user,tags.mlflow.project.entryPoint,tags.mlflow.source.name
2992a857072f40dcb45beb4b4a56b7c9,237577254607184300,FINISHED,file:///home/fischer/repos/ai-energy-validation/mlruns/237577254607184300/2992a857072f40dcb45beb4b4a56b7c9/artifacts,2025-09-20 11:52:52.524000+00:00,2025-09-20 11:55:52.359000+00:00,118.2390924160136,0.030920264753141632,0.9312238693237305,28548.022360932722,0.9878643751144409,0.7785041928291321,7.465487019072365,16,13th Gen Intel(R) Core(TM) i9-13900K,16,120,ImageNet (ILSVRC 2012),Inference,/data/d1/fischer_diss/imagenet,Tensorflow 2.20.0,3824.0,28589128,ConvNeXtTiny,PROJECT,conda,local,wistful-snipe-136,https://github.com/raphischer/ai-energy-validation.git,1ffbfa560be7fd27159d1da75c8a2e930b8379ee,fischer,main.py,file:///home/fischer/repos/ai-energy-validation#experiments/imagenet
c7f6ec55acaf4c87be0dec57bd2587a3,237577254607184300,FINISHED,file:///home/fischer/repos/ai-energy-validation/mlruns/237577254607184300/c7f6ec55acaf4c87be0dec57bd2587a3/artifacts,2025-09-20 11:49:41.566000+00:00,2025-09-20 11:52:48.488000+00:00,119.76770790305454,0.05308852300667311,0.9454787373542786,29318.05755091368,0.8741499781608582,0.7996453642845154,12.995592886043298,16,13th Gen Intel(R) Core(TM) i9-13900K,16,120,ImageNet (ILSVRC 2012),Inference,/data/d1/fischer_diss/imagenet,Tensorflow 2.20.0,2256.0,50223688,ConvNeXtSmall,PROJECT,conda,local,polite-fowl-538,https://github.com/raphischer/ai-energy-validation.git,1ffbfa560be7fd27159d1da75c8a2e930b8379ee,fischer,main.py,file:///home/fischer/repos/ai-energy-validation#experiments/imagenet
01340b4d1f9b428d86642a2aaa72cadd,237577254607184300,FINISHED,file:///home/fischer/repos/ai-energy-validation/mlruns/237577254607184300/01340b4d1f9b428d86642a2aaa72cadd/artifacts,2025-09-20 11:46:28.517000+00:00,2025-09-20 11:49:37.458000+00:00,121.22713312099222,0.08060314702193631,0.9607712626457214,29370.50096483916,0.7236102223396301,0.821143627166748,19.528258620238805,16,13th Gen Intel(R) Core(TM) i9-13900K,16,120,ImageNet (ILSVRC 2012),Inference,/data/d1/fischer_diss/imagenet,Tensorflow 2.20.0,1504.0,88591464,ConvNeXtBase,PROJECT,conda,local,masked-steed-617,https://github.com/raphischer/ai-energy-validation.git,1ffbfa560be7fd27159d1da75c8a2e930b8379ee,fischer,main.py,file:///home/fischer/repos/ai-energy-validation#experiments/imagenet
08528d7adc4f4808b744f7823d8920b4,237577254607184300,FINISHED,file:///home/fischer/repos/ai-energy-validation/mlruns/237577254607184300/08528d7adc4f4808b744f7823d8920b4/artifacts,2025-09-20 11:43:17.457000+00:00,2025-09-20 11:46:24.543000+00:00,120.9037442470435,0.027478123692509886,0.8634091019630432,29190.57763296888,1.4458589553833008,0.6627272963523865,6.634222189311109,16,13th Gen Intel(R) Core(TM) i9-13900K,16,120,ImageNet (ILSVRC 2012),Inference,/data/d1/fischer_diss/imagenet,Tensorflow 2.20.0,4400.0,143667240,VGG19,PROJECT,conda,local,powerful-flea-747,https://github.com/raphischer/ai-energy-validation.git,1ffbfa560be7fd27159d1da75c8a2e930b8379ee,fischer,main.py,file:///home/fischer/repos/ai-energy-validation#experiments/imagenet
bae4a253ef924136960a18c4b73bf065,237577254607184300,FINISHED,file:///home/fischer/repos/ai-energy-validation/mlruns/237577254607184300/bae4a253ef924136960a18c4b73bf065/artifacts,2025-09-20 11:40:09.878000+00:00,2025-09-20 11:43:13.366000+00:00,119.57722824194934,0.022045949159651426,0.8644911646842957,28830.04032397428,1.4052897691726685,0.6709070801734924,5.315272921086704,16,13th Gen Intel(R) Core(TM) i9-13900K,16,120,ImageNet (ILSVRC 2012),Inference,/data/d1/fischer_diss/imagenet,Tensorflow 2.20.0,5424.0,138357544,VGG16,PROJECT,conda,local,dapper-owl-125,https://github.com/raphischer/ai-energy-validation.git,1ffbfa560be7fd27159d1da75c8a2e930b8379ee,fischer,main.py,file:///home/fischer/repos/ai-energy-validation#experiments/imagenet
7c27c03bf5fc42d9b776d6ce3cf494e0,237577254607184300,FINISHED,file:///home/fischer/repos/ai-energy-validation/mlruns/237577254607184300/7c27c03bf5fc42d9b776d6ce3cf494e0/artifacts,2025-09-20 11:37:08.182000+00:00,2025-09-20 11:40:05.699000+00:00,119.548084803042,0.019610906299711614,0.9338910579681396,28691.328615137998,0.9778095483779907,0.7810039520263672,4.706582778073819,16,13th Gen Intel(R) Core(TM) i9-13900K,16,120,ImageNet (ILSVRC 2012),Inference,/data/d1/fischer_diss/imagenet,Tensorflow 2.20.0,6096.0,22910480,Xception,PROJECT,conda,local,tasteful-stoat-447,https://github.com/raphischer/ai-energy-validation.git,1ffbfa560be7fd27159d1da75c8a2e930b8379ee,fischer,main.py,file:///home/fischer/repos/ai-energy-validation#experiments/imagenet
201401a59d364356b802dc552514b07e,237577254607184300,FINISHED,file:///home/fischer/repos/ai-energy-validation/mlruns/237577254607184300/201401a59d364356b802dc552514b07e/artifacts,2025-09-20 11:34:14.200000+00:00,2025-09-20 11:37:04.131000+00:00,124.71517172001768,0.0026431665759583263,0.8807434439659119,31392.106271726756,1.3489971160888672,0.6950449347496033,0.6653125269524999,16,13th Gen Intel(R) Core(TM) i9-13900K,16,120,ImageNet (ILSVRC 2012),Inference,/data/d1/fischer_diss/imagenet,Tensorflow 2.20.0,47184.0,5326716,NASNetMobile,PROJECT,conda,local,amusing-hawk-623,https://github.com/raphischer/ai-energy-validation.git,1ffbfa560be7fd27159d1da75c8a2e930b8379ee,fischer,main.py,file:///home/fischer/repos/ai-energy-validation#experiments/imagenet
c9117e3460ac46519689dd112136f8de,237577254607184300,FINISHED,file:///home/fischer/repos/ai-energy-validation/mlruns/237577254607184300/c9117e3460ac46519689dd112136f8de/artifacts,2025-09-20 11:31:09.465000+00:00,2025-09-20 11:34:10.144000+00:00,117.8833905661013,0.022462536312138206,0.9641768336296082,28759.25595831228,0.7205619215965271,0.8330792784690857,5.480041150593041,16,13th Gen Intel(R) Core(TM) i9-13900K,16,120,ImageNet (ILSVRC 2012),Inference,/data/d1/fischer_diss/imagenet,Tensorflow 2.20.0,5248.0,21612360,EfficientNetV2S,PROJECT,conda,local,stately-foal-986,https://github.com/raphischer/ai-energy-validation.git,1ffbfa560be7fd27159d1da75c8a2e930b8379ee,fischer,main.py,file:///home/fischer/repos/ai-energy-validation#experiments/imagenet
25272f4026744fcfbaae65ca813b524c,237577254607184300,FINISHED,file:///home/fischer/repos/ai-energy-validation/mlruns/237577254607184300/25272f4026744fcfbaae65ca813b524c/artifacts,2025-09-20 11:28:12.545000+00:00,2025-09-20 11:31:05.647000+00:00,119.85487959894816,0.00860037884607837,0.9507032036781311,28901.30697788976,0.8142992258071899,0.8102037906646729,2.0738595707440988,16,13th Gen Intel(R) Core(TM) i9-13900K,16,120,ImageNet (ILSVRC 2012),Inference,/data/d1/fischer_diss/imagenet,Tensorflow 2.20.0,13936.0,14467622,EfficientNetV2B3,PROJECT,conda,local,abrasive-bat-7,https://github.com/raphischer/ai-energy-validation.git,1ffbfa560be7fd27159d1da75c8a2e930b8379ee,fischer,main.py,file:///home/fischer/repos/ai-energy-validation#experiments/imagenet
b6ad8e87a7d9481e8d52a94233657f93,237577254607184300,FINISHED,file:///home/fischer/repos/ai-energy-validation/mlruns/237577254607184300/b6ad8e87a7d9481e8d52a94233657f93/artifacts,2025-09-20 11:25:19.051000+00:00,2025-09-20 11:28:08.567000+00:00,121.70000847894698,0.005209760636941224,0.9303510189056396,29445.24123461196,0.9572251439094543,0.778124988079071,1.2604983405227723,16,13th Gen Intel(R) Core(TM) i9-13900K,16,120,ImageNet (ILSVRC 2012),Inference,/data/d1/fischer_diss/imagenet,Tensorflow 2.20.0,23360.0,10178374,EfficientNetV2B2,PROJECT,conda,local,sincere-squirrel-854,https://github.com/raphischer/ai-energy-validation.git,1ffbfa560be7fd27159d1da75c8a2e930b8379ee,fischer,main.py,file:///home/fischer/repos/ai-energy-validation#experiments/imagenet
34ab31fa754144b5be14bb68f9ba6bbd,237577254607184300,FINISHED,file:///home/fischer/repos/ai-energy-validation/mlruns/237577254607184300/34ab31fa754144b5be14bb68f9ba6bbd/artifacts,2025-09-20 11:22:27.885000+00:00,2025-09-20 11:25:15.048000+00:00,121.11396692402197,0.004214712100641076,0.922362208366394,29369.380612231802,1.029751181602478,0.7605094909667969,1.022041363176218,16,13th Gen Intel(R) Core(TM) i9-13900K,16,120,ImageNet (ILSVRC 2012),Inference,/data/d1/fischer_diss/imagenet,Tensorflow 2.20.0,28736.0,8212124,EfficientNetV2B1,PROJECT,conda,local,indecisive-frog-374,https://github.com/raphischer/ai-energy-validation.git,1ffbfa560be7fd27159d1da75c8a2e930b8379ee,fischer,main.py,file:///home/fischer/repos/ai-energy-validation#experiments/imagenet
56e3960c722d40cf965869759618c58f,237577254607184300,FINISHED,file:///home/fischer/repos/ai-energy-validation/mlruns/237577254607184300/56e3960c722d40cf965869759618c58f/artifacts,2025-09-20 11:19:44.225000+00:00,2025-09-20 11:22:23.927000+00:00,114.86777765804436,0.0034040948808097544,0.9101766347885132,16332.954753771,1.1219909191131592,0.7395092248916626,0.48402544908045875,16,13th Gen Intel(R) Core(TM) i9-13900K,16,120,ImageNet (ILSVRC 2012),Inference,/data/d1/fischer_diss/imagenet,Tensorflow 2.20.0,33744.0,7200312,EfficientNetV2B0,PROJECT,conda,local,kindly-crab-521,https://github.com/raphischer/ai-energy-validation.git,1ffbfa560be7fd27159d1da75c8a2e930b8379ee,fischer,main.py,file:///home/fischer/repos/ai-energy-validation#experiments/imagenet
3220eb5e2bd84d8180e871cd02024c63,237577254607184300,FINISHED,file:///home/fischer/repos/ai-energy-validation/mlruns/237577254607184300/3220eb5e2bd84d8180e871cd02024c63/artifacts,2025-09-20 11:16:35.997000+00:00,2025-09-20 11:19:40.161000+00:00,120.43605374905746,0.029518640624768985,0.9602941274642944,30399.465786140518,0.8575690984725952,0.8252450823783875,7.450849457387382,16,13th Gen Intel(R) Core(TM) i9-13900K,16,120,ImageNet (ILSVRC 2012),Inference,/data/d1/fischer_diss/imagenet,Tensorflow 2.20.0,4080.0,19466823,EfficientNetB4,PROJECT,conda,local,classy-sow-562,https://github.com/raphischer/ai-energy-validation.git,1ffbfa560be7fd27159d1da75c8a2e930b8379ee,fischer,main.py,file:///home/fischer/repos/ai-energy-validation#experiments/imagenet
faa846ab5bd64f98a041608da308d095,237577254607184300,FINISHED,file:///home/fischer/repos/ai-energy-validation/mlruns/237577254607184300/faa846ab5bd64f98a041608da308d095/artifacts,2025-09-20 11:13:33.508000+00:00,2025-09-20 11:16:32.102000+00:00,122.24722683394792,0.012755345036931126,0.9492904543876648,31447.583926531202,0.8457781672477722,0.8107262253761292,3.2812587569419036,16,13th Gen Intel(R) Core(TM) i9-13900K,16,120,ImageNet (ILSVRC 2012),Inference,/data/d1/fischer_diss/imagenet,Tensorflow 2.20.0,9584.0,12320535,EfficientNetB3,PROJECT,conda,local,brawny-lamb-319,https://github.com/raphischer/ai-energy-validation.git,1ffbfa560be7fd27159d1da75c8a2e930b8379ee,fischer,main.py,file:///home/fischer/repos/ai-energy-validation#experiments/imagenet
cb74f66d0cff46f2b0a5da7549da03c6,237577254607184300,FINISHED,file:///home/fischer/repos/ai-energy-validation/mlruns/237577254607184300/cb74f66d0cff46f2b0a5da7549da03c6/artifacts,2025-09-20 11:10:40.287000+00:00,2025-09-20 11:13:29.588000+00:00,120.38477609795518,0.0065199727089447134,0.9322465062141418,30876.080694805798,0.9915612936019897,0.7755632400512695,1.6722314067810766,16,13th Gen Intel(R) Core(TM) i9-13900K,16,120,ImageNet (ILSVRC 2012),Inference,/data/d1/fischer_diss/imagenet,Tensorflow 2.20.0,18464.0,9177569,EfficientNetB2,PROJECT,conda,local,amazing-snake-11,https://github.com/raphischer/ai-energy-validation.git,1ffbfa560be7fd27159d1da75c8a2e930b8379ee,fischer,main.py,file:///home/fischer/repos/ai-energy-validation#experiments/imagenet
a86c6463936647628965dcbb553fa3c1,237577254607184300,FINISHED,file:///home/fischer/repos/ai-energy-validation/mlruns/237577254607184300/a86c6463936647628965dcbb553fa3c1/artifacts,2025-09-20 11:07:53.522000+00:00,2025-09-20 11:10:36.191000+00:00,119.11530039692298,0.003558655007078244,0.8952856063842773,25065.531038650683,1.265900731086731,0.715613067150116,0.7488507121967819,16,13th Gen Intel(R) Core(TM) i9-13900K,16,120,ImageNet (ILSVRC 2012),Inference,/data/d1/fischer_diss/imagenet,Tensorflow 2.20.0,33472.0,5330571,EfficientNetB0,PROJECT,conda,local,bouncy-squid-245,https://github.com/raphischer/ai-energy-validation.git,1ffbfa560be7fd27159d1da75c8a2e930b8379ee,fischer,main.py,file:///home/fischer/repos/ai-energy-validation#experiments/imagenet
4fc7bbbfbbce4f2991ba70312386719b,237577254607184300,FINISHED,file:///home/fischer/repos/ai-energy-validation/mlruns/237577254607184300/4fc7bbbfbbce4f2991ba70312386719b/artifacts,2025-09-20 11:05:05.023000+00:00,2025-09-20 11:07:49.674000+00:00,116.73712008097208,0.0031986277970454864,0.8390782475471497,5023.9401032491205,1.6599993705749512,0.6339051127433777,0.13765728033891717,16,13th Gen Intel(R) Core(TM) i9-13900K,16,120,ImageNet (ILSVRC 2012),Inference,/data/d1/fischer_diss/imagenet,Tensorflow 2.20.0,36496.0,2554968,MobileNetV3Small,PROJECT,conda,local,judicious-snipe-814,https://github.com/raphischer/ai-energy-validation.git,1ffbfa560be7fd27159d1da75c8a2e930b8379ee,fischer,main.py,file:///home/fischer/repos/ai-energy-validation#experiments/imagenet
10454349953a4357a0f9e248e64c5979,237577254607184300,FINISHED,file:///home/fischer/repos/ai-energy-validation/mlruns/237577254607184300/10454349953a4357a0f9e248e64c5979/artifacts,2025-09-20 11:02:15.363000+00:00,2025-09-20 11:05:01.182000+00:00,110.4837792509934,0.005720991054836029,0.8923467397689819,5193.64777834116,1.2840877771377563,0.7118889689445496,0.26893370848908243,16,13th Gen Intel(R) Core(TM) i9-13900K,16,120,ImageNet (ILSVRC 2012),Inference,/data/d1/fischer_diss/imagenet,Tensorflow 2.20.0,19312.0,5507432,MobileNetV3Large,PROJECT,conda,local,welcoming-rook-365,https://github.com/raphischer/ai-energy-validation.git,1ffbfa560be7fd27159d1da75c8a2e930b8379ee,fischer,main.py,file:///home/fischer/repos/ai-energy-validation#experiments/imagenet
fd4d4f3c548a4577820ad9d6a1d2fcea,237577254607184300,FINISHED,file:///home/fischer/repos/ai-energy-validation/mlruns/237577254607184300/fd4d4f3c548a4577820ad9d6a1d2fcea/artifacts,2025-09-20 10:59:37.022000+00:00,2025-09-20 11:02:11.414000+00:00,113.54088257392868,0.002461430857048402,0.8266562819480896,27857.182062756237,1.7888027429580688,0.6147893071174622,0.6039104678884026,16,13th Gen Intel(R) Core(TM) i9-13900K,16,120,ImageNet (ILSVRC 2012),Inference,/data/d1/fischer_diss/imagenet,Tensorflow 2.20.0,46128.0,3538984,MobileNetV2,PROJECT,conda,local,tasteful-cub-569,https://github.com/raphischer/ai-energy-validation.git,1ffbfa560be7fd27159d1da75c8a2e930b8379ee,fischer,main.py,file:///home/fischer/repos/ai-energy-validation#experiments/imagenet
fca94d105ee54a719b3c4363d9885205,237577254607184300,FINISHED,file:///home/fischer/repos/ai-energy-validation/mlruns/237577254607184300/fca94d105ee54a719b3c4363d9885205/artifacts,2025-09-20 10:56:52.363000+00:00,2025-09-20 10:59:32.919000+00:00,120.62661297398154,0.002138769733581233,0.8224822878837585,29915.228651590078,1.8123503923416138,0.6128368973731995,0.5304118555246468,16,13th Gen Intel(R) Core(TM) i9-13900K,16,120,ImageNet (ILSVRC 2012),Inference,/data/d1/fischer_diss/imagenet,Tensorflow 2.20.0,56400.0,4253864,MobileNet,PROJECT,conda,local,efficient-wolf-270,https://github.com/raphischer/ai-energy-validation.git,1ffbfa560be7fd27159d1da75c8a2e930b8379ee,fischer,main.py,file:///home/fischer/repos/ai-energy-validation#experiments/imagenet
51c776a8972e43d5bad489a0f199823c,237577254607184300,FINISHED,file:///home/fischer/repos/ai-energy-validation/mlruns/237577254607184300/51c776a8972e43d5bad489a0f199823c/artifacts,2025-09-20 10:53:56.004000+00:00,2025-09-20 10:56:48.532000+00:00,118.947895994992,0.00924657151702363,0.9299595952033997,29134.09445034708,1.0101397037506104,0.7695118188858032,2.2647772427197665,16,13th Gen Intel(R) Core(TM) i9-13900K,16,120,ImageNet (ILSVRC 2012),Inference,/data/d1/fischer_diss/imagenet,Tensorflow 2.20.0,12864.0,23851784,InceptionV3,PROJECT,conda,local,unique-tern-120,https://github.com/raphischer/ai-energy-validation.git,1ffbfa560be7fd27159d1da75c8a2e930b8379ee,fischer,main.py,file:///home/fischer/repos/ai-energy-validation#experiments/imagenet
c9e409d3effb4ef4aaf2c8c278c64950,237577254607184300,FINISHED,file:///home/fischer/repos/ai-energy-validation/mlruns/237577254607184300/c9e409d3effb4ef4aaf2c8c278c64950/artifacts,2025-09-20 10:50:47.325000+00:00,2025-09-20 10:53:52.188000+00:00,119.9883301369846,0.022933549338108677,0.9413226246833801,29326.040860049998,0.9194789528846741,0.7893730998039246,5.605130133801605,16,13th Gen Intel(R) Core(TM) i9-13900K,16,120,ImageNet (ILSVRC 2012),Inference,/data/d1/fischer_diss/imagenet,Tensorflow 2.20.0,5232.0,55873736,InceptionResNetV2,PROJECT,conda,local,awesome-snail-625,https://github.com/raphischer/ai-energy-validation.git,1ffbfa560be7fd27159d1da75c8a2e930b8379ee,fischer,main.py,file:///home/fischer/repos/ai-energy-validation#experiments/imagenet
537fb0561df348d58ea0e7a024b17f25,237577254607184300,FINISHED,file:///home/fischer/repos/ai-energy-validation/mlruns/237577254607184300/537fb0561df348d58ea0e7a024b17f25/artifacts,2025-09-20 10:47:42.140000+00:00,2025-09-20 10:50:43.519000+00:00,119.17993843194564,0.018715442592956287,0.8680904507637024,28548.652723297197,1.7712655067443848,0.6758794188499451,4.483142701522801,16,13th Gen Intel(R) Core(TM) i9-13900K,16,120,ImageNet (ILSVRC 2012),Inference,/data/d1/fischer_diss/imagenet,Tensorflow 2.20.0,6368.0,60380648,ResNet152V2,PROJECT,conda,local,charming-smelt-284,https://github.com/raphischer/ai-energy-validation.git,1ffbfa560be7fd27159d1da75c8a2e930b8379ee,fischer,main.py,file:///home/fischer/repos/ai-energy-validation#experiments/imagenet
58441037fd0140a0a2e6e1ebe5fefe92,237577254607184300,FINISHED,file:///home/fischer/repos/ai-energy-validation/mlruns/237577254607184300/58441037fd0140a0a2e6e1ebe5fefe92/artifacts,2025-09-20 10:44:40.981000+00:00,2025-09-20 10:47:38.045000+00:00,120.53814022697044,0.012598049772885707,0.8732232451438904,29148.65261629596,1.7576128244400024,0.6744356155395508,3.04647289049916,16,13th Gen Intel(R) Core(TM) i9-13900K,16,120,ImageNet (ILSVRC 2012),Inference,/data/d1/fischer_diss/imagenet,Tensorflow 2.20.0,9568.0,44675560,ResNet101V2,PROJECT,conda,local,upset-asp-527,https://github.com/raphischer/ai-energy-validation.git,1ffbfa560be7fd27159d1da75c8a2e930b8379ee,fischer,main.py,file:///home/fischer/repos/ai-energy-validation#experiments/imagenet
2ec2890467ad45bd8b0a1d19f44208b3,237577254607184300,FINISHED,file:///home/fischer/repos/ai-energy-validation/mlruns/237577254607184300/2ec2890467ad45bd8b0a1d19f44208b3/artifacts,2025-09-20 10:41:47.340000+00:00,2025-09-20 10:44:37.044000+00:00,119.4155456579756,0.006754272944455633,0.855656087398529,28843.57253309904,1.8014566898345947,0.6527714729309082,1.6314237858087692,16,13th Gen Intel(R) Core(TM) i9-13900K,16,120,ImageNet (ILSVRC 2012),Inference,/data/d1/fischer_diss/imagenet,Tensorflow 2.20.0,17680.0,25613800,ResNet50V2,PROJECT,conda,local,skillful-skunk-209,https://github.com/raphischer/ai-energy-validation.git,1ffbfa560be7fd27159d1da75c8a2e930b8379ee,fischer,main.py,file:///home/fischer/repos/ai-energy-validation#experiments/imagenet
686e1c7d2ad0442887c36bbc4b79490a,237577254607184300,FINISHED,file:///home/fischer/repos/ai-energy-validation/mlruns/237577254607184300/686e1c7d2ad0442887c36bbc4b79490a/artifacts,2025-09-20 10:38:40.117000+00:00,2025-09-20 10:41:43.567000+00:00,119.36958813201636,0.020163781779056818,0.9008445739746094,28562.21437312584,1.2232238054275513,0.7280405163764954,4.8246983738388245,16,13th Gen Intel(R) Core(TM) i9-13900K,16,120,ImageNet (ILSVRC 2012),Inference,/data/d1/fischer_diss/imagenet,Tensorflow 2.20.0,5920.0,60419944,ResNet152,PROJECT,conda,local,casual-fish-249,https://github.com/raphischer/ai-energy-validation.git,1ffbfa560be7fd27159d1da75c8a2e930b8379ee,fischer,main.py,file:///home/fischer/repos/ai-energy-validation#experiments/imagenet
53852fe186d24581a832cd191ec617cf,237577254607184300,FINISHED,file:///home/fischer/repos/ai-energy-validation/mlruns/237577254607184300/53852fe186d24581a832cd191ec617cf/artifacts,2025-09-20 10:35:39.574000+00:00,2025-09-20 10:38:36.377000+00:00,120.60378351493272,0.013805378149603104,0.8981227278709412,29043.115371404998,1.238167643547058,0.720695972442627,3.324532437202953,16,13th Gen Intel(R) Core(TM) i9-13900K,16,120,ImageNet (ILSVRC 2012),Inference,/data/d1/fischer_diss/imagenet,Tensorflow 2.20.0,8736.0,44707176,ResNet101,PROJECT,conda,local,unleashed-grouse-758,https://github.com/raphischer/ai-energy-validation.git,1ffbfa560be7fd27159d1da75c8a2e930b8379ee,fischer,main.py,file:///home/fischer/repos/ai-energy-validation#experiments/imagenet
562d691da2db4527abeb6de337226a02,237577254607184300,FINISHED,file:///home/fischer/repos/ai-energy-validation/mlruns/237577254607184300/562d691da2db4527abeb6de337226a02/artifacts,2025-09-20 10:32:44.585000+00:00,2025-09-20 10:35:35.836000+00:00,120.46743299299852,0.00786751782869635,0.8836206793785095,29494.384898276883,1.3401079177856445,0.6997779607772827,1.9262268089261287,16,13th Gen Intel(R) Core(TM) i9-13900K,16,120,ImageNet (ILSVRC 2012),Inference,/data/d1/fischer_diss/imagenet,Tensorflow 2.20.0,15312.0,25636712,ResNet50,PROJECT,conda,local,rebellious-worm-383,https://github.com/raphischer/ai-energy-validation.git,1ffbfa560be7fd27159d1da75c8a2e930b8379ee,fischer,main.py,file:///home/fischer/repos/ai-energy-validation#experiments/imagenet
f9469efa9ccb42bdb55270416f5d091f,237577254607184300,FINISHED,file:///home/fischer/repos/ai-energy-validation/mlruns/237577254607184300/f9469efa9ccb42bdb55270416f5d091f/artifacts,2025-09-20 10:29:42.533000+00:00,2025-09-20 10:32:40.759000+00:00,121.88212210102938,0.011369600942260203,0.9030783772468567,30302.53163757252,1.1503901481628418,0.733395516872406,2.82672869753475,16,13th Gen Intel(R) Core(TM) i9-13900K,16,120,ImageNet (ILSVRC 2012),Inference,/data/d1/fischer_diss/imagenet,Tensorflow 2.20.0,10720.0,20242984,DenseNet201,PROJECT,conda,local,dazzling-goose-988,https://github.com/raphischer/ai-energy-validation.git,1ffbfa560be7fd27159d1da75c8a2e930b8379ee,fischer,main.py,file:///home/fischer/repos/ai-energy-validation#experiments/imagenet
70d0302e7fa54054a2a79d07468de9f7,237577254607184300,FINISHED,file:///home/fischer/repos/ai-energy-validation/mlruns/237577254607184300/70d0302e7fa54054a2a79d07468de9f7/artifacts,2025-09-20 10:26:47.467000+00:00,2025-09-20 10:29:39.155000+00:00,119.17793319898192,0.007678990541171516,0.8818299174308777,29455.57264253616,1.302427887916565,0.6902706027030945,1.897910608410835,16,13th Gen Intel(R) Core(TM) i9-13900K,16,120,ImageNet (ILSVRC 2012),Inference,/data/d1/fischer_diss/imagenet,Tensorflow 2.20.0,15520.0,8062504,DenseNet121,PROJECT,conda,local,adorable-robin-884,https://github.com/raphischer/ai-energy-validation.git,1ffbfa560be7fd27159d1da75c8a2e930b8379ee,fischer,main.py,file:///home/fischer/repos/ai-energy-validation#experiments/imagenet
8dfed34dcdb54ebd919264942b8a8b95,237577254607184300,FINISHED,file:///home/fischer/repos/ai-energy-validation/mlruns/237577254607184300/8dfed34dcdb54ebd919264942b8a8b95/artifacts,2025-09-20 10:23:50.784000+00:00,2025-09-20 10:26:43.469000+00:00,122.64539504202548,0.036632435795109164,0.9301075339317322,30055.659543204118,0.9946680665016174,0.7774791121482849,8.977198190921182,4,13th Gen Intel(R) Core(TM) i9-13900K,4,120,ImageNet (ILSVRC 2012),Inference,/data/d1/fischer_diss/imagenet,Tensorflow 2.20.0,3348.0,28589128,ConvNeXtTiny,PROJECT,conda,local,dashing-hog-429,https://github.com/raphischer/ai-energy-validation.git,1ffbfa560be7fd27159d1da75c8a2e930b8379ee,fischer,main.py,file:///home/fischer/repos/ai-energy-validation#experiments/imagenet
0c57b4c0c0a746369c080525ce0da8eb,237577254607184300,FINISHED,file:///home/fischer/repos/ai-energy-validation/mlruns/237577254607184300/0c57b4c0c0a746369c080525ce0da8eb/artifacts,2025-09-20 10:20:50.620000+00:00,2025-09-20 10:23:47.064000+00:00,116.11328559101094,0.06944574497070032,0.9479665160179138,26039.53731122856,0.8718878030776978,0.8026315569877625,15.573885951691722,4,13th Gen Intel(R) Core(TM) i9-13900K,4,120,ImageNet (ILSVRC 2012),Inference,/data/d1/fischer_diss/imagenet,Tensorflow 2.20.0,1672.0,50223688,ConvNeXtSmall,PROJECT,conda,local,bedecked-midge-46,https://github.com/raphischer/ai-energy-validation.git,1ffbfa560be7fd27159d1da75c8a2e930b8379ee,fischer,main.py,file:///home/fischer/repos/ai-energy-validation#experiments/imagenet
b57f1d8dd75a4be2a392df73478eac94,237577254607184300,FINISHED,file:///home/fischer/repos/ai-energy-validation/mlruns/237577254607184300/b57f1d8dd75a4be2a392df73478eac94/artifacts,2025-09-20 10:17:42.567000+00:00,2025-09-20 10:20:47+00:00,119.71703411010094,0.08551216722150067,0.9592857360839844,29211.241818789364,0.7424141764640808,0.816428542137146,20.86517272770669,4,13th Gen Intel(R) Core(TM) i9-13900K,4,120,ImageNet (ILSVRC 2012),Inference,/data/d1/fischer_diss/imagenet,Tensorflow 2.20.0,1400.0,88591464,ConvNeXtBase,PROJECT,conda,local,enthused-doe-911,https://github.com/raphischer/ai-energy-validation.git,1ffbfa560be7fd27159d1da75c8a2e930b8379ee,fischer,main.py,file:///home/fischer/repos/ai-energy-validation#experiments/imagenet
00f4a8e0e9554e0eae3b9d642f5feba7,237577254607184300,FINISHED,file:///home/fischer/repos/ai-energy-validation/mlruns/237577254607184300/00f4a8e0e9554e0eae3b9d642f5feba7/artifacts,2025-09-20 10:14:43.589000+00:00,2025-09-20 10:17:38.965000+00:00,119.66843332001008,0.03142553396008668,0.8652836084365845,28350.633564979562,1.4314630031585693,0.6643907427787781,7.445019318534549,4,13th Gen Intel(R) Core(TM) i9-13900K,4,120,ImageNet (ILSVRC 2012),Inference,/data/d1/fischer_diss/imagenet,Tensorflow 2.20.0,3808.0,143667240,VGG19,PROJECT,conda,local,carefree-chimp-900,https://github.com/raphischer/ai-energy-validation.git,1ffbfa560be7fd27159d1da75c8a2e930b8379ee,fischer,main.py,file:///home/fischer/repos/ai-energy-validation#experiments/imagenet
e4c83c3190a14c86bfed88954f9bdd85,237577254607184300,FINISHED,file:///home/fischer/repos/ai-energy-validation/mlruns/237577254607184300/e4c83c3190a14c86bfed88954f9bdd85/artifacts,2025-09-20 10:11:47.426000+00:00,2025-09-20 10:14:39.913000+00:00,120.94309821503704,0.025710692647754472,0.865008533000946,29111.53355978796,1.410254716873169,0.6715561151504517,6.18867635199574,4,13th Gen Intel(R) Core(TM) i9-13900K,4,120,ImageNet (ILSVRC 2012),Inference,/data/d1/fischer_diss/imagenet,Tensorflow 2.20.0,4704.0,138357544,VGG16,PROJECT,conda,local,awesome-roo-742,https://github.com/raphischer/ai-energy-validation.git,1ffbfa560be7fd27159d1da75c8a2e930b8379ee,fischer,main.py,file:///home/fischer/repos/ai-energy-validation#experiments/imagenet
49c030da0d3f4b289ea7929b4d70bcaf,237577254607184300,FINISHED,file:///home/fischer/repos/ai-energy-validation/mlruns/237577254607184300/49c030da0d3f4b289ea7929b4d70bcaf/artifacts,2025-09-20 10:08:54.177000+00:00,2025-09-20 10:11:43.702000+00:00,123.00252101395743,0.017652485794195958,0.9348450303077698,30810.744321883558,0.9745901226997375,0.7805683016777039,4.421748611062508,4,13th Gen Intel(R) Core(TM) i9-13900K,4,120,ImageNet (ILSVRC 2012),Inference,/data/d1/fischer_diss/imagenet,Tensorflow 2.20.0,6968.0,22910480,Xception,PROJECT,conda,local,nimble-skink-454,https://github.com/raphischer/ai-energy-validation.git,1ffbfa560be7fd27159d1da75c8a2e930b8379ee,fischer,main.py,file:///home/fischer/repos/ai-energy-validation#experiments/imagenet
7d6307fe5cc7403ba957ca41eea1c5cf,237577254607184300,FINISHED,file:///home/fischer/repos/ai-energy-validation/mlruns/237577254607184300/7d6307fe5cc7403ba957ca41eea1c5cf/artifacts,2025-09-20 10:06:01.121000+00:00,2025-09-20 10:08:50.458000+00:00,118.87070131208748,0.0140243866578678,0.8830816149711609,5391.79677569088,1.3199000358581543,0.7037517428398132,0.6361251505062389,4,13th Gen Intel(R) Core(TM) i9-13900K,4,120,ImageNet (ILSVRC 2012),Inference,/data/d1/fischer_diss/imagenet,Tensorflow 2.20.0,8476.0,5326716,NASNetMobile,PROJECT,conda,local,trusting-mare-575,https://github.com/raphischer/ai-energy-validation.git,1ffbfa560be7fd27159d1da75c8a2e930b8379ee,fischer,main.py,file:///home/fischer/repos/ai-energy-validation#experiments/imagenet
bc07d2780f154558911121de667d121a,237577254607184300,FINISHED,file:///home/fischer/repos/ai-energy-validation/mlruns/237577254607184300/bc07d2780f154558911121de667d121a/artifacts,2025-09-20 10:03:05.511000+00:00,2025-09-20 10:05:57.471000+00:00,123.9433451819932,0.02361725327400785,0.9641768336296082,30920.13657438048,0.7205617427825928,0.8330792784690857,5.891794316764574,4,13th Gen Intel(R) Core(TM) i9-13900K,4,120,ImageNet (ILSVRC 2012),Inference,/data/d1/fischer_diss/imagenet,Tensorflow 2.20.0,5248.0,21612360,EfficientNetV2S,PROJECT,conda,local,clumsy-grouse-818,https://github.com/raphischer/ai-energy-validation.git,1ffbfa560be7fd27159d1da75c8a2e930b8379ee,fischer,main.py,file:///home/fischer/repos/ai-energy-validation#experiments/imagenet
2abac60ffff94c4baeb3a1bf9c452f7b,237577254607184300,FINISHED,file:///home/fischer/repos/ai-energy-validation/mlruns/237577254607184300/2abac60ffff94c4baeb3a1bf9c452f7b/artifacts,2025-09-20 10:00:19.778000+00:00,2025-09-20 10:03:01.872000+00:00,105.49970382696485,0.028088313052972536,0.9454206824302673,5775.30366400008,0.8525077104568481,0.7997869849205017,1.537620783812588,4,13th Gen Intel(R) Core(TM) i9-13900K,4,120,ImageNet (ILSVRC 2012),Inference,/data/d1/fischer_diss/imagenet,Tensorflow 2.20.0,3756.0,14467622,EfficientNetV2B3,PROJECT,conda,local,illustrious-elk-948,https://github.com/raphischer/ai-energy-validation.git,1ffbfa560be7fd27159d1da75c8a2e930b8379ee,fischer,main.py,file:///home/fischer/repos/ai-energy-validation#experiments/imagenet
768756efdee940a19e3331f8ba43c0d1,237577254607184300,FINISHED,file:///home/fischer/repos/ai-energy-validation/mlruns/237577254607184300/768756efdee940a19e3331f8ba43c0d1/artifacts,2025-09-20 09:57:15.605000+00:00,2025-09-20 10:00:16.015000+00:00,120.04429911705664,0.02874624021002314,0.9272030591964722,4897.393800609961,0.967654287815094,0.7765804529190063,1.1727475576173276,4,13th Gen Intel(R) Core(TM) i9-13900K,4,120,ImageNet (ILSVRC 2012),Inference,/data/d1/fischer_diss/imagenet,Tensorflow 2.20.0,4176.0,10178374,EfficientNetV2B2,PROJECT,conda,local,defiant-crane-999,https://github.com/raphischer/ai-energy-validation.git,1ffbfa560be7fd27159d1da75c8a2e930b8379ee,fischer,main.py,file:///home/fischer/repos/ai-energy-validation#experiments/imagenet
32ca8fcd915f4f28b4afb2476697c704,237577254607184300,FINISHED,file:///home/fischer/repos/ai-energy-validation/mlruns/237577254607184300/32ca8fcd915f4f28b4afb2476697c704/artifacts,2025-09-20 09:54:23.696000+00:00,2025-09-20 09:57:12.272000+00:00,119.89774396596476,0.021752130617918135,0.9227140545845032,4939.93988884908,1.0358870029449463,0.7572568655014038,0.8962155095880043,4,13th Gen Intel(R) Core(TM) i9-13900K,4,120,ImageNet (ILSVRC 2012),Inference,/data/d1/fischer_diss/imagenet,Tensorflow 2.20.0,5512.0,8212124,EfficientNetV2B1,PROJECT,conda,local,learned-hound-140,https://github.com/raphischer/ai-energy-validation.git,1ffbfa560be7fd27159d1da75c8a2e930b8379ee,fischer,main.py,file:///home/fischer/repos/ai-energy-validation#experiments/imagenet
bab6d883432f4d7dbc86d4149b40b82d,237577254607184300,FINISHED,file:///home/fischer/repos/ai-energy-validation/mlruns/237577254607184300/bab6d883432f4d7dbc86d4149b40b82d/artifacts,2025-09-20 09:51:24.902000+00:00,2025-09-20 09:54:20.157000+00:00,122.18188236490823,0.018203498564497652,0.9064362049102783,4735.9969457198395,1.124488115310669,0.744487464427948,0.7056014519844814,4,13th Gen Intel(R) Core(TM) i9-13900K,4,120,ImageNet (ILSVRC 2012),Inference,/data/d1/fischer_diss/imagenet,Tensorflow 2.20.0,6712.0,7200312,EfficientNetV2B0,PROJECT,conda,local,casual-hen-539,https://github.com/raphischer/ai-energy-validation.git,1ffbfa560be7fd27159d1da75c8a2e930b8379ee,fischer,main.py,file:///home/fischer/repos/ai-energy-validation#experiments/imagenet
69ecbc4c22af4e8aa8b60867ddacf7ac,237577254607184300,FINISHED,file:///home/fischer/repos/ai-energy-validation/mlruns/237577254607184300/69ecbc4c22af4e8aa8b60867ddacf7ac/artifacts,2025-09-20 09:48:26.941000+00:00,2025-09-20 09:51:21.240000+00:00,125.93648837506773,0.024368515552451186,0.9591718316078186,32189.54478685992,0.8615757822990417,0.8244969248771667,6.228627087240696,4,13th Gen Intel(R) Core(TM) i9-13900K,4,120,ImageNet (ILSVRC 2012),Inference,/data/d1/fischer_diss/imagenet,Tensorflow 2.20.0,5168.0,19466823,EfficientNetB4,PROJECT,conda,local,enchanting-mule-669,https://github.com/raphischer/ai-energy-validation.git,1ffbfa560be7fd27159d1da75c8a2e930b8379ee,fischer,main.py,file:///home/fischer/repos/ai-energy-validation#experiments/imagenet
78b407ac6a9d427785d47523534c1e9d,237577254607184300,FINISHED,file:///home/fischer/repos/ai-energy-validation/mlruns/237577254607184300/78b407ac6a9d427785d47523534c1e9d/artifacts,2025-09-20 09:45:42.218000+00:00,2025-09-20 09:48:23.276000+00:00,108.51564740110187,0.028466853987697237,0.9420251846313477,5938.448730874919,0.8913342952728271,0.8032528758049011,1.5578302022232213,4,13th Gen Intel(R) Core(TM) i9-13900K,4,120,ImageNet (ILSVRC 2012),Inference,/data/d1/fischer_diss/imagenet,Tensorflow 2.20.0,3812.0,12320535,EfficientNetB3,PROJECT,conda,local,dazzling-zebra-469,https://github.com/raphischer/ai-energy-validation.git,1ffbfa560be7fd27159d1da75c8a2e930b8379ee,fischer,main.py,file:///home/fischer/repos/ai-energy-validation#experiments/imagenet
0f99a35a7faf4b7f823682e1228ab193,237577254607184300,FINISHED,file:///home/fischer/repos/ai-energy-validation/mlruns/237577254607184300/0f99a35a7faf4b7f823682e1228ab193/artifacts,2025-09-20 09:42:37.864000+00:00,2025-09-20 09:45:38.528000+00:00,119.23453063692432,0.030109729958819272,0.9315656423568726,4705.614482711399,1.0108741521835327,0.7760100960731506,1.1882864855331816,4,13th Gen Intel(R) Core(TM) i9-13900K,4,120,ImageNet (ILSVRC 2012),Inference,/data/d1/fischer_diss/imagenet,Tensorflow 2.20.0,3960.0,9177569,EfficientNetB2,PROJECT,conda,local,merciful-ox-774,https://github.com/raphischer/ai-energy-validation.git,1ffbfa560be7fd27159d1da75c8a2e930b8379ee,fischer,main.py,file:///home/fischer/repos/ai-energy-validation#experiments/imagenet
620d31f42a104c26818b5983abe53f0a,237577254607184300,FINISHED,file:///home/fischer/repos/ai-energy-validation/mlruns/237577254607184300/620d31f42a104c26818b5983abe53f0a/artifacts,2025-09-20 09:39:45.473000+00:00,2025-09-20 09:42:34.243000+00:00,115.69367142103148,0.017381861691861702,0.8966346383094788,4409.08495030296,1.2582484483718872,0.7189002633094788,0.6624226187354207,4,13th Gen Intel(R) Core(TM) i9-13900K,4,120,ImageNet (ILSVRC 2012),Inference,/data/d1/fischer_diss/imagenet,Tensorflow 2.20.0,6656.0,5330571,EfficientNetB0,PROJECT,conda,local,entertaining-bug-895,https://github.com/raphischer/ai-energy-validation.git,1ffbfa560be7fd27159d1da75c8a2e930b8379ee,fischer,main.py,file:///home/fischer/repos/ai-energy-validation#experiments/imagenet
bab0940bd2dc47d49dbe5304aa5dd9e9,237577254607184300,FINISHED,file:///home/fischer/repos/ai-energy-validation/mlruns/237577254607184300/bab0940bd2dc47d49dbe5304aa5dd9e9/artifacts,2025-09-20 09:37:06.379000+00:00,2025-09-20 09:39:41.848000+00:00,111.31383520690724,0.009398331240029319,0.8390746116638184,3903.92374160088,1.6498618125915527,0.6404086351394653,0.32961193360358665,4,13th Gen Intel(R) Core(TM) i9-13900K,4,120,ImageNet (ILSVRC 2012),Inference,/data/d1/fischer_diss/imagenet,Tensorflow 2.20.0,11844.0,2554968,MobileNetV3Small,PROJECT,conda,local,hilarious-frog-710,https://github.com/raphischer/ai-energy-validation.git,1ffbfa560be7fd27159d1da75c8a2e930b8379ee,fischer,main.py,file:///home/fischer/repos/ai-energy-validation#experiments/imagenet
824b3b0ea17e481183bc54a88ed52a94,237577254607184300,FINISHED,file:///home/fischer/repos/ai-energy-validation/mlruns/237577254607184300/824b3b0ea17e481183bc54a88ed52a94/artifacts,2025-09-20 09:34:17.212000+00:00,2025-09-20 09:37:02.597000+00:00,115.10506905498914,0.014933195258820595,0.8932278156280518,4130.64525928428,1.2901309728622437,0.7143228054046631,0.5358906667467929,4,13th Gen Intel(R) Core(TM) i9-13900K,4,120,ImageNet (ILSVRC 2012),Inference,/data/d1/fischer_diss/imagenet,Tensorflow 2.20.0,7708.0,5507432,MobileNetV3Large,PROJECT,conda,local,wistful-gull-596,https://github.com/raphischer/ai-energy-validation.git,1ffbfa560be7fd27159d1da75c8a2e930b8379ee,fischer,main.py,file:///home/fischer/repos/ai-energy-validation#experiments/imagenet
9a3c24ebde68426296fdf601d3e207ed,237577254607184300,FINISHED,file:///home/fischer/repos/ai-energy-validation/mlruns/237577254607184300/9a3c24ebde68426296fdf601d3e207ed/artifacts,2025-09-20 09:31:24.988000+00:00,2025-09-20 09:34:13.672000+00:00,123.76993287494406,0.012456716271632856,0.8287037014961243,4668.90935058504,1.750121831893921,0.6238929033279419,0.4698982840765942,4,13th Gen Intel(R) Core(TM) i9-13900K,4,120,ImageNet (ILSVRC 2012),Inference,/data/d1/fischer_diss/imagenet,Tensorflow 2.20.0,9936.0,3538984,MobileNetV2,PROJECT,conda,local,lyrical-grub-688,https://github.com/raphischer/ai-energy-validation.git,1ffbfa560be7fd27159d1da75c8a2e930b8379ee,fischer,main.py,file:///home/fischer/repos/ai-energy-validation#experiments/imagenet
9393a29b8cff450daa9d97fb1c744058,237577254607184300,FINISHED,file:///home/fischer/repos/ai-energy-validation/mlruns/237577254607184300/9393a29b8cff450daa9d97fb1c744058/artifacts,2025-09-20 09:28:25.210000+00:00,2025-09-20 09:31:21.434000+00:00,134.4740617889911,0.0094700043513374,0.8222535252571106,5696.20853838936,1.8264567852020264,0.6106337904930115,0.4011414463654479,4,13th Gen Intel(R) Core(TM) i9-13900K,4,120,ImageNet (ILSVRC 2012),Inference,/data/d1/fischer_diss/imagenet,Tensorflow 2.20.0,14200.0,4253864,MobileNet,PROJECT,conda,local,invincible-boar-896,https://github.com/raphischer/ai-energy-validation.git,1ffbfa560be7fd27159d1da75c8a2e930b8379ee,fischer,main.py,file:///home/fischer/repos/ai-energy-validation#experiments/imagenet
604afbc4944a459987879a18d5cbfaa3,237577254607184300,FINISHED,file:///home/fischer/repos/ai-energy-validation/mlruns/237577254607184300/604afbc4944a459987879a18d5cbfaa3/artifacts,2025-09-20 09:25:33.709000+00:00,2025-09-20 09:28:21.586000+00:00,123.20369615301024,0.010236265881772203,0.9304586052894592,30257.79271550928,1.0033916234970093,0.7710202932357788,2.513940903581695,4,13th Gen Intel(R) Core(TM) i9-13900K,4,120,ImageNet (ILSVRC 2012),Inference,/data/d1/fischer_diss/imagenet,Tensorflow 2.20.0,12036.0,23851784,InceptionV3,PROJECT,conda,local,sassy-calf-243,https://github.com/raphischer/ai-energy-validation.git,1ffbfa560be7fd27159d1da75c8a2e930b8379ee,fischer,main.py,file:///home/fischer/repos/ai-energy-validation#experiments/imagenet
6322e8219aa844d6affad569790266cc,237577254607184300,FINISHED,file:///home/fischer/repos/ai-energy-validation/mlruns/237577254607184300/6322e8219aa844d6affad569790266cc/artifacts,2025-09-20 09:22:34.854000+00:00,2025-09-20 09:25:30.287000+00:00,122.72285152599216,0.026772000769195496,0.9402268528938293,30525.90798265596,0.9265185594558716,0.7886125445365906,6.659229490108194,4,13th Gen Intel(R) Core(TM) i9-13900K,4,120,ImageNet (ILSVRC 2012),Inference,/data/d1/fischer_diss/imagenet,Tensorflow 2.20.0,4584.0,55873736,InceptionResNetV2,PROJECT,conda,local,silent-kit-865,https://github.com/raphischer/ai-energy-validation.git,1ffbfa560be7fd27159d1da75c8a2e930b8379ee,fischer,main.py,file:///home/fischer/repos/ai-energy-validation#experiments/imagenet
d326243ef95f47c4a92f1f9fd3c61660,237577254607184300,FINISHED,file:///home/fischer/repos/ai-energy-validation/mlruns/237577254607184300/d326243ef95f47c4a92f1f9fd3c61660/artifacts,2025-09-20 09:19:39.705000+00:00,2025-09-20 09:22:31.381000+00:00,121.94657791091596,0.023948660233879804,0.8717595934867859,30037.7819477484,1.748557448387146,0.6771405935287476,5.899014522338649,4,13th Gen Intel(R) Core(TM) i9-13900K,4,120,ImageNet (ILSVRC 2012),Inference,/data/d1/fischer_diss/imagenet,Tensorflow 2.20.0,5092.0,60380648,ResNet152V2,PROJECT,conda,local,capricious-koi-4,https://github.com/raphischer/ai-energy-validation.git,1ffbfa560be7fd27159d1da75c8a2e930b8379ee,fischer,main.py,file:///home/fischer/repos/ai-energy-validation#experiments/imagenet
66d4b290307d4aa0939a664d8d1e85b3,237577254607184300,FINISHED,file:///home/fischer/repos/ai-energy-validation/mlruns/237577254607184300/66d4b290307d4aa0939a664d8d1e85b3/artifacts,2025-09-20 09:16:51.143000+00:00,2025-09-20 09:19:36.147000+00:00,119.97859178995714,0.015997145571994286,0.8695999979972839,29317.46185866348,1.7876094579696655,0.6702666878700256,3.908994914488464,4,13th Gen Intel(R) Core(TM) i9-13900K,4,120,ImageNet (ILSVRC 2012),Inference,/data/d1/fischer_diss/imagenet,Tensorflow 2.20.0,7500.0,44675560,ResNet101V2,PROJECT,conda,local,upbeat-roo-961,https://github.com/raphischer/ai-energy-validation.git,1ffbfa560be7fd27159d1da75c8a2e930b8379ee,fischer,main.py,file:///home/fischer/repos/ai-energy-validation#experiments/imagenet
a38687506ba64e799f6c7d3858830dec,237577254607184300,FINISHED,file:///home/fischer/repos/ai-energy-validation/mlruns/237577254607184300/a38687506ba64e799f6c7d3858830dec/artifacts,2025-09-20 09:14:08.597000+00:00,2025-09-20 09:16:47.642000+00:00,118.14469850598834,0.009361703526623482,0.8574485182762146,20901.1178292552,1.7767335176467896,0.6555467247962952,1.6561900023181617,4,13th Gen Intel(R) Core(TM) i9-13900K,4,120,ImageNet (ILSVRC 2012),Inference,/data/d1/fischer_diss/imagenet,Tensorflow 2.20.0,12620.0,25613800,ResNet50V2,PROJECT,conda,local,intelligent-boar-492,https://github.com/raphischer/ai-energy-validation.git,1ffbfa560be7fd27159d1da75c8a2e930b8379ee,fischer,main.py,file:///home/fischer/repos/ai-energy-validation#experiments/imagenet
3542f49a9fa64cc4acf8e5e9b450ce39,237577254607184300,FINISHED,file:///home/fischer/repos/ai-energy-validation/mlruns/237577254607184300/3542f49a9fa64cc4acf8e5e9b450ce39/artifacts,2025-09-20 09:11:12.552000+00:00,2025-09-20 09:14:04.679000+00:00,118.70968619105406,0.02426608466701841,0.900040864944458,29073.092879773438,1.2269335985183716,0.7266966700553894,5.942987097255404,4,13th Gen Intel(R) Core(TM) i9-13900K,4,120,ImageNet (ILSVRC 2012),Inference,/data/d1/fischer_diss/imagenet,Tensorflow 2.20.0,4892.0,60419944,ResNet152,PROJECT,conda,local,glamorous-vole-327,https://github.com/raphischer/ai-energy-validation.git,1ffbfa560be7fd27159d1da75c8a2e930b8379ee,fischer,main.py,file:///home/fischer/repos/ai-energy-validation#experiments/imagenet
2a73798fd4864c0188a590ab091bd35e,237577254607184300,FINISHED,file:///home/fischer/repos/ai-energy-validation/mlruns/237577254607184300/2a73798fd4864c0188a590ab091bd35e/artifacts,2025-09-20 09:08:19.918000+00:00,2025-09-20 09:11:08.884000+00:00,124.17663229105528,0.016991876339772206,0.8950465321540833,30237.232069779122,1.2722145318984985,0.7170224189758301,4.137552281031626,4,13th Gen Intel(R) Core(TM) i9-13900K,4,120,ImageNet (ILSVRC 2012),Inference,/data/d1/fischer_diss/imagenet,Tensorflow 2.20.0,7308.0,44707176,ResNet101,PROJECT,conda,local,unleashed-hen-241,https://github.com/raphischer/ai-energy-validation.git,1ffbfa560be7fd27159d1da75c8a2e930b8379ee,fischer,main.py,file:///home/fischer/repos/ai-energy-validation#experiments/imagenet
28749b23af794b588db3b1630e55e4bc,237577254607184300,FINISHED,file:///home/fischer/repos/ai-energy-validation/mlruns/237577254607184300/28749b23af794b588db3b1630e55e4bc/artifacts,2025-09-20 09:05:32.131000+00:00,2025-09-20 09:08:16.386000+00:00,122.09266493888572,0.009127741098899949,0.8850179314613342,30069.99068104296,1.3299163579940796,0.7008073925971985,2.2480555234033313,4,13th Gen Intel(R) Core(TM) i9-13900K,4,120,ImageNet (ILSVRC 2012),Inference,/data/d1/fischer_diss/imagenet,Tensorflow 2.20.0,13376.0,25636712,ResNet50,PROJECT,conda,local,gifted-goose-201,https://github.com/raphischer/ai-energy-validation.git,1ffbfa560be7fd27159d1da75c8a2e930b8379ee,fischer,main.py,file:///home/fischer/repos/ai-energy-validation#experiments/imagenet
497a9a05ecca4dee83237894a6a8368a,237577254607184300,FINISHED,file:///home/fischer/repos/ai-energy-validation/mlruns/237577254607184300/497a9a05ecca4dee83237894a6a8368a/artifacts,2025-09-20 09:02:32.030000+00:00,2025-09-20 09:05:28.800000+00:00,117.58380668307656,0.044606906935916756,0.899089515209198,6033.76234473996,1.1765016317367554,0.7287557125091553,2.288984197549302,4,13th Gen Intel(R) Core(TM) i9-13900K,4,120,ImageNet (ILSVRC 2012),Inference,/data/d1/fischer_diss/imagenet,Tensorflow 2.20.0,2636.0,20242984,DenseNet201,PROJECT,conda,local,crawling-shrew-637,https://github.com/raphischer/ai-energy-validation.git,1ffbfa560be7fd27159d1da75c8a2e930b8379ee,fischer,main.py,file:///home/fischer/repos/ai-energy-validation#experiments/imagenet
c603a31d4a604926858f558192a1e2e0,237577254607184300,FINISHED,file:///home/fischer/repos/ai-energy-validation/mlruns/237577254607184300/c603a31d4a604926858f558192a1e2e0/artifacts,2025-09-20 08:59:45.782000+00:00,2025-09-20 09:02:28.524000+00:00,112.08088450599462,0.026813608733491534,0.8844497799873352,6021.630718704,1.288155198097229,0.6952152848243713,1.4405815116516747,4,13th Gen Intel(R) Core(TM) i9-13900K,4,120,ImageNet (ILSVRC 2012),Inference,/data/d1/fischer_diss/imagenet,Tensorflow 2.20.0,4180.0,8062504,DenseNet121,PROJECT,conda,local,clean-grub-64,https://github.com/raphischer/ai-energy-validation.git,1ffbfa560be7fd27159d1da75c8a2e930b8379ee,fischer,main.py,file:///home/fischer/repos/ai-energy-validation#experiments/imagenet
d866c30cbf6448a98ee8ea7bea588915,237577254607184300,FINISHED,file:///home/fischer/repos/ai-energy-validation/mlruns/237577254607184300/d866c30cbf6448a98ee8ea7bea588915/artifacts,2025-09-20 08:56:50.061000+00:00,2025-09-20 08:59:42.260000+00:00,131.62143645400647,0.0006575811173761315,0.9320144057273865,36778.8787518888,0.9946537017822266,0.776643693447113,0.18374739584276978,16,NVIDIA GeForce RTX 4090,16,120,ImageNet (ILSVRC 2012),Inference,/data/d1/fischer_diss/imagenet,Tensorflow 2.20.0,200160.0,28589128,ConvNeXtTiny,PROJECT,conda,local,mercurial-slug-50,https://github.com/raphischer/ai-energy-validation.git,1ffbfa560be7fd27159d1da75c8a2e930b8379ee,fischer,main.py,file:///home/fischer/repos/ai-energy-validation#experiments/imagenet
ace7efcb001c4c9ab91996eaad01c7f2,237577254607184300,FINISHED,file:///home/fischer/repos/ai-energy-validation/mlruns/237577254607184300/ace7efcb001c4c9ab91996eaad01c7f2/artifacts,2025-09-20 08:53:56.178000+00:00,2025-09-20 08:56:46.645000+00:00,125.3360993389506,0.0012027493027306022,0.9393616318702698,31609.27161099036,0.9054339528083801,0.7913500070571899,0.30332864665851333,16,NVIDIA GeForce RTX 4090,16,120,ImageNet (ILSVRC 2012),Inference,/data/d1/fischer_diss/imagenet,Tensorflow 2.20.0,104208.0,50223688,ConvNeXtSmall,PROJECT,conda,local,dashing-conch-661,https://github.com/raphischer/ai-energy-validation.git,1ffbfa560be7fd27159d1da75c8a2e930b8379ee,fischer,main.py,file:///home/fischer/repos/ai-energy-validation#experiments/imagenet
f4783fc1798d417fb35d33603a29799e,237577254607184300,FINISHED,file:///home/fischer/repos/ai-energy-validation/mlruns/237577254607184300/f4783fc1798d417fb35d33603a29799e/artifacts,2025-09-20 08:51:01.200000+00:00,2025-09-20 08:53:52.635000+00:00,122.68577498802917,0.0015286804100382422,0.9576729536056519,32542.454632445282,0.7350912690162659,0.8201380372047424,0.40548313686758974,16,NVIDIA GeForce RTX 4090,16,120,ImageNet (ILSVRC 2012),Inference,/data/d1/fischer_diss/imagenet,Tensorflow 2.20.0,80256.0,88591464,ConvNeXtBase,PROJECT,conda,local,adorable-roo-558,https://github.com/raphischer/ai-energy-validation.git,1ffbfa560be7fd27159d1da75c8a2e930b8379ee,fischer,main.py,file:///home/fischer/repos/ai-energy-validation#experiments/imagenet
45b4a48f6366455c9a1eef4fb6458c1e,237577254607184300,FINISHED,file:///home/fischer/repos/ai-energy-validation/mlruns/237577254607184300/45b4a48f6366455c9a1eef4fb6458c1e/artifacts,2025-09-20 08:48:10.259000+00:00,2025-09-20 08:50:57.856000+00:00,122.18050134705844,0.0011218277264861396,0.8652490377426147,42194.097581443915,1.4180350303649902,0.6672542691230774,0.3874145877538188,16,NVIDIA GeForce RTX 4090,16,120,ImageNet (ILSVRC 2012),Inference,/data/d1/fischer_diss/imagenet,Tensorflow 2.20.0,108912.0,143667240,VGG19,PROJECT,conda,local,sassy-lark-637,https://github.com/raphischer/ai-energy-validation.git,1ffbfa560be7fd27159d1da75c8a2e930b8379ee,fischer,main.py,file:///home/fischer/repos/ai-energy-validation#experiments/imagenet
b257669b6c544065aa16127417784007,237577254607184300,FINISHED,file:///home/fischer/repos/ai-energy-validation/mlruns/237577254607184300/b257669b6c544065aa16127417784007/artifacts,2025-09-20 08:45:21.059000+00:00,2025-09-20 08:48:07.025000+00:00,121.49465067207348,0.0008869776506254634,0.8666919469833374,43289.90300017404,1.4120750427246094,0.6707598567008972,0.3160400581136406,16,NVIDIA GeForce RTX 4090,16,120,ImageNet (ILSVRC 2012),Inference,/data/d1/fischer_diss/imagenet,Tensorflow 2.20.0,136976.0,138357544,VGG16,PROJECT,conda,local,fearless-hare-769,https://github.com/raphischer/ai-energy-validation.git,1ffbfa560be7fd27159d1da75c8a2e930b8379ee,fischer,main.py,file:///home/fischer/repos/ai-energy-validation#experiments/imagenet
72062b7e345e48e9b28b7119cb55c9b6,237577254607184300,FINISHED,file:///home/fischer/repos/ai-energy-validation/mlruns/237577254607184300/72062b7e345e48e9b28b7119cb55c9b6/artifacts,2025-09-20 08:42:17.589000+00:00,2025-09-20 08:45:17.659000+00:00,131.7334315610351,0.0011935835709719765,0.9354613423347473,35455.479812914324,0.9734372496604919,0.7778160572052002,0.32124782376154615,16,NVIDIA GeForce RTX 4090,16,120,ImageNet (ILSVRC 2012),Inference,/data/d1/fischer_diss/imagenet,Tensorflow 2.20.0,110368.0,22910480,Xception,PROJECT,conda,local,bemused-shark-194,https://github.com/raphischer/ai-energy-validation.git,1ffbfa560be7fd27159d1da75c8a2e930b8379ee,fischer,main.py,file:///home/fischer/repos/ai-energy-validation#experiments/imagenet
1ae1de900093479baf20bd99281c04d6,237577254607184300,FINISHED,file:///home/fischer/repos/ai-energy-validation/mlruns/237577254607184300/1ae1de900093479baf20bd99281c04d6/artifacts,2025-09-20 08:38:50.271000+00:00,2025-09-20 08:42:14.180000+00:00,152.7815964219626,0.000940680699081141,0.8814094662666321,21091.653701361,1.34605073928833,0.6961752772331238,0.12986192063196358,16,NVIDIA GeForce RTX 4090,16,120,ImageNet (ILSVRC 2012),Inference,/data/d1/fischer_diss/imagenet,Tensorflow 2.20.0,162416.0,5326716,NASNetMobile,PROJECT,conda,local,zealous-fawn-50,https://github.com/raphischer/ai-energy-validation.git,1ffbfa560be7fd27159d1da75c8a2e930b8379ee,fischer,main.py,file:///home/fischer/repos/ai-energy-validation#experiments/imagenet
e4cb44daa3c549f8a8ee5a8aa9b8564d,237577254607184300,FINISHED,file:///home/fischer/repos/ai-energy-validation/mlruns/237577254607184300/e4cb44daa3c549f8a8ee5a8aa9b8564d/artifacts,2025-09-20 08:35:58.525000+00:00,2025-09-20 08:38:46.834000+00:00,117.47152387304232,0.00156879706027033,0.9633280038833618,27637.44608808,0.7192007899284363,0.831663966178894,0.36908982489423076,16,NVIDIA GeForce RTX 4090,16,120,ImageNet (ILSVRC 2012),Inference,/data/d1/fischer_diss/imagenet,Tensorflow 2.20.0,74880.0,21612360,EfficientNetV2S,PROJECT,conda,local,gaudy-croc-60,https://github.com/raphischer/ai-energy-validation.git,1ffbfa560be7fd27159d1da75c8a2e930b8379ee,fischer,main.py,file:///home/fischer/repos/ai-energy-validation#experiments/imagenet
7744e239089e4983ac8f0fed990c0d32,237577254607184300,FINISHED,file:///home/fischer/repos/ai-energy-validation/mlruns/237577254607184300/7744e239089e4983ac8f0fed990c0d32/artifacts,2025-09-20 08:32:46.540000+00:00,2025-09-20 08:35:55.262000+00:00,142.73174002801534,0.0009387281649743196,0.9486806988716125,29790.622936538282,0.8307142853736877,0.8044893741607666,0.19592906803468826,16,NVIDIA GeForce RTX 4090,16,120,ImageNet (ILSVRC 2012),Inference,/data/d1/fischer_diss/imagenet,Tensorflow 2.20.0,152048.0,14467622,EfficientNetV2B3,PROJECT,conda,local,delicate-ray-820,https://github.com/raphischer/ai-energy-validation.git,1ffbfa560be7fd27159d1da75c8a2e930b8379ee,fischer,main.py,file:///home/fischer/repos/ai-energy-validation#experiments/imagenet
d18b148385f34d5ab164e44e06a9e423,237577254607184300,FINISHED,file:///home/fischer/repos/ai-energy-validation/mlruns/237577254607184300/d18b148385f34d5ab164e44e06a9e423/artifacts,2025-09-20 08:28:49.880000+00:00,2025-09-20 08:32:43.309000+00:00,189.42887322604656,0.0007392173187205238,0.929964542388916,35446.20146872164,0.9698359966278076,0.7738394141197205,0.1383234010861078,16,NVIDIA GeForce RTX 4090,16,120,ImageNet (ILSVRC 2012),Inference,/data/d1/fischer_diss/imagenet,Tensorflow 2.20.0,256256.0,10178374,EfficientNetV2B2,PROJECT,conda,local,sincere-hound-179,https://github.com/raphischer/ai-energy-validation.git,1ffbfa560be7fd27159d1da75c8a2e930b8379ee,fischer,main.py,file:///home/fischer/repos/ai-energy-validation#experiments/imagenet
04c2c0053464453bb4b23c60d689a0bf,237577254607184300,FINISHED,file:///home/fischer/repos/ai-energy-validation/mlruns/237577254607184300/04c2c0053464453bb4b23c60d689a0bf/artifacts,2025-09-20 08:25:19.081000+00:00,2025-09-20 08:28:46.569000+00:00,164.51775333704427,0.0006672524064610816,0.9225503206253052,27179.81179801164,1.0342479944229126,0.7585577368736267,0.11023609587123476,16,NVIDIA GeForce RTX 4090,16,120,ImageNet (ILSVRC 2012),Inference,/data/d1/fischer_diss/imagenet,Tensorflow 2.20.0,246560.0,8212124,EfficientNetV2B1,PROJECT,conda,local,charming-mole-569,https://github.com/raphischer/ai-energy-validation.git,1ffbfa560be7fd27159d1da75c8a2e930b8379ee,fischer,main.py,file:///home/fischer/repos/ai-energy-validation#experiments/imagenet
a8a34b18b8df438398bb0230e839bb63,237577254607184300,FINISHED,file:///home/fischer/repos/ai-energy-validation/mlruns/237577254607184300/a8a34b18b8df438398bb0230e839bb63/artifacts,2025-09-20 08:21:20.865000+00:00,2025-09-20 08:25:15.706000+00:00,193.0458092379849,0.0005253576189747477,0.9099103212356567,33080.67052419312,1.1307331323623657,0.7372937202453613,0.09002620864591439,16,NVIDIA GeForce RTX 4090,16,120,ImageNet (ILSVRC 2012),Inference,/data/d1/fischer_diss/imagenet,Tensorflow 2.20.0,367456.0,7200312,EfficientNetV2B0,PROJECT,conda,local,capricious-cow-978,https://github.com/raphischer/ai-energy-validation.git,1ffbfa560be7fd27159d1da75c8a2e930b8379ee,fischer,main.py,file:///home/fischer/repos/ai-energy-validation#experiments/imagenet
dec8f30b37f24d4eb63841556b16788a,237577254607184300,FINISHED,file:///home/fischer/repos/ai-energy-validation/mlruns/237577254607184300/dec8f30b37f24d4eb63841556b16788a/artifacts,2025-09-20 08:18:24.785000+00:00,2025-09-20 08:21:17.556000+00:00,120.1192043760093,0.0018324262322432464,0.9590401649475098,29222.03743473924,0.8558195233345032,0.821698784828186,0.44578407119140895,16,NVIDIA GeForce RTX 4090,16,120,ImageNet (ILSVRC 2012),Inference,/data/d1/fischer_diss/imagenet,Tensorflow 2.20.0,65552.0,19466823,EfficientNetB4,PROJECT,conda,local,worried-shrimp-382,https://github.com/raphischer/ai-energy-validation.git,1ffbfa560be7fd27159d1da75c8a2e930b8379ee,fischer,main.py,file:///home/fischer/repos/ai-energy-validation#experiments/imagenet
b424f50a680441b8b1974103618820a0,237577254607184300,FINISHED,file:///home/fischer/repos/ai-energy-validation/mlruns/237577254607184300/b424f50a680441b8b1974103618820a0/artifacts,2025-09-20 08:15:26.448000+00:00,2025-09-20 08:18:21.547000+00:00,127.19841971900314,0.0010954803958161355,0.9473869800567627,27345.72264253416,0.8812511563301086,0.8012694716453552,0.23551159778949773,16,NVIDIA GeForce RTX 4090,16,120,ImageNet (ILSVRC 2012),Inference,/data/d1/fischer_diss/imagenet,Tensorflow 2.20.0,116112.0,12320535,EfficientNetB3,PROJECT,conda,local,auspicious-boar-656,https://github.com/raphischer/ai-energy-validation.git,1ffbfa560be7fd27159d1da75c8a2e930b8379ee,fischer,main.py,file:///home/fischer/repos/ai-energy-validation#experiments/imagenet
d1cd95c2b19f44a6a06685246315e18f,237577254607184300,FINISHED,file:///home/fischer/repos/ai-energy-validation/mlruns/237577254607184300/d1cd95c2b19f44a6a06685246315e18f/artifacts,2025-09-20 08:12:09.972000+00:00,2025-09-20 08:15:23.350000+00:00,147.89928044006228,0.0007681323772231921,0.9316935539245605,30609.613718752324,1.0022644996643066,0.7712678909301758,0.15897464329583016,16,NVIDIA GeForce RTX 4090,16,120,ImageNet (ILSVRC 2012),Inference,/data/d1/fischer_diss/imagenet,Tensorflow 2.20.0,192544.0,9177569,EfficientNetB2,PROJECT,conda,local,unique-foal-518,https://github.com/raphischer/ai-energy-validation.git,1ffbfa560be7fd27159d1da75c8a2e930b8379ee,fischer,main.py,file:///home/fischer/repos/ai-energy-validation#experiments/imagenet
a2b13a8aba9848868d952623e294d7dc,237577254607184300,FINISHED,file:///home/fischer/repos/ai-energy-validation/mlruns/237577254607184300/a2b13a8aba9848868d952623e294d7dc/artifacts,2025-09-20 08:08:24.908000+00:00,2025-09-20 08:12:06.609000+00:00,179.96226938196924,0.00048209000198761636,0.8943117260932922,36440.3953109214,1.2704123258590698,0.714256227016449,0.09761796352203451,16,NVIDIA GeForce RTX 4090,16,120,ImageNet (ILSVRC 2012),Inference,/data/d1/fischer_diss/imagenet,Tensorflow 2.20.0,373296.0,5330571,EfficientNetB0,PROJECT,conda,local,silent-hen-471,https://github.com/raphischer/ai-energy-validation.git,1ffbfa560be7fd27159d1da75c8a2e930b8379ee,fischer,main.py,file:///home/fischer/repos/ai-energy-validation#experiments/imagenet
1c84f9592d32493885dd5d708f6654f9,237577254607184300,FINISHED,file:///home/fischer/repos/ai-energy-validation/mlruns/237577254607184300/1c84f9592d32493885dd5d708f6654f9/artifacts,2025-09-20 08:04:46.261000+00:00,2025-09-20 08:08:21.663000+00:00,176.80651506700087,0.0003725567982093508,0.8376424312591553,31117.219957246678,1.667810082435608,0.632351815700531,0.06556846523474992,16,NVIDIA GeForce RTX 4090,16,120,ImageNet (ILSVRC 2012),Inference,/data/d1/fischer_diss/imagenet,Tensorflow 2.20.0,474576.0,2554968,MobileNetV3Small,PROJECT,conda,local,bold-stag-209,https://github.com/raphischer/ai-energy-validation.git,1ffbfa560be7fd27159d1da75c8a2e930b8379ee,fischer,main.py,file:///home/fischer/repos/ai-energy-validation#experiments/imagenet
2d4a2e09dfb34ccc86e260047256e8c0,237577254607184300,FINISHED,file:///home/fischer/repos/ai-energy-validation/mlruns/237577254607184300/2d4a2e09dfb34ccc86e260047256e8c0/artifacts,2025-09-20 08:01:31.482000+00:00,2025-09-20 08:04:42.996000+00:00,150.76723924209364,0.00042136352245364454,0.8928307890892029,27249.9201237402,1.282463550567627,0.7102775573730469,0.07615793979939017,16,NVIDIA GeForce RTX 4090,16,120,ImageNet (ILSVRC 2012),Inference,/data/d1/fischer_diss/imagenet,Tensorflow 2.20.0,357808.0,5507432,MobileNetV3Large,PROJECT,conda,local,enthused-toad-758,https://github.com/raphischer/ai-energy-validation.git,1ffbfa560be7fd27159d1da75c8a2e930b8379ee,fischer,main.py,file:///home/fischer/repos/ai-energy-validation#experiments/imagenet
09eee4f8cc7440d5889fe97538b34dc1,237577254607184300,FINISHED,file:///home/fischer/repos/ai-energy-validation/mlruns/237577254607184300/09eee4f8cc7440d5889fe97538b34dc1/artifacts,2025-09-20 07:58:26.450000+00:00,2025-09-20 08:01:28.259000+00:00,140.64058754302096,0.00038954295242361225,0.8270053267478943,31178.279200799523,1.7843698263168335,0.6156880259513855,0.0863568557522699,16,NVIDIA GeForce RTX 4090,16,120,ImageNet (ILSVRC 2012),Inference,/data/d1/fischer_diss/imagenet,Tensorflow 2.20.0,361040.0,3538984,MobileNetV2,PROJECT,conda,local,wise-foal-298,https://github.com/raphischer/ai-energy-validation.git,1ffbfa560be7fd27159d1da75c8a2e930b8379ee,fischer,main.py,file:///home/fischer/repos/ai-energy-validation#experiments/imagenet
9cba79fea9ec4678a4840b28d05ed08a,237577254607184300,FINISHED,file:///home/fischer/repos/ai-energy-validation/mlruns/237577254607184300/9cba79fea9ec4678a4840b28d05ed08a/artifacts,2025-09-20 07:55:30.745000+00:00,2025-09-20 07:58:23.209000+00:00,132.97508947004098,0.0003010665854692107,0.8222694993019104,36162.70833666924,1.8116434812545776,0.612751305103302,0.08187535848729677,16,NVIDIA GeForce RTX 4090,16,120,ImageNet (ILSVRC 2012),Inference,/data/d1/fischer_diss/imagenet,Tensorflow 2.20.0,441680.0,4253864,MobileNet,PROJECT,conda,local,trusting-goat-110,https://github.com/raphischer/ai-energy-validation.git,1ffbfa560be7fd27159d1da75c8a2e930b8379ee,fischer,main.py,file:///home/fischer/repos/ai-energy-validation#experiments/imagenet
334d5cc4139a4ae3b8073346a6828131,237577254607184300,FINISHED,file:///home/fischer/repos/ai-energy-validation/mlruns/237577254607184300/334d5cc4139a4ae3b8073346a6828131/artifacts,2025-09-20 07:52:45.167000+00:00,2025-09-20 07:55:27.505000+00:00,119.99506749294233,0.0008482854562050554,0.9267899394035339,27394.25243266116,1.036018967628479,0.7636650204658508,0.19365917622908296,16,NVIDIA GeForce RTX 4090,16,120,ImageNet (ILSVRC 2012),Inference,/data/d1/fischer_diss/imagenet,Tensorflow 2.20.0,141456.0,23851784,InceptionV3,PROJECT,conda,local,trusting-mink-976,https://github.com/raphischer/ai-energy-validation.git,1ffbfa560be7fd27159d1da75c8a2e930b8379ee,fischer,main.py,file:///home/fischer/repos/ai-energy-validation#experiments/imagenet
8c1e5302396d43ff939f36c840fff06f,237577254607184300,FINISHED,file:///home/fischer/repos/ai-energy-validation/mlruns/237577254607184300/8c1e5302396d43ff939f36c840fff06f/artifacts,2025-09-20 07:49:49.392000+00:00,2025-09-20 07:52:41.992000+00:00,122.77854935301002,0.0018296755685653615,0.9425816535949707,28165.35678118848,0.9115818738937378,0.7885968089103699,0.4197269429719313,16,NVIDIA GeForce RTX 4090,16,120,ImageNet (ILSVRC 2012),Inference,/data/d1/fischer_diss/imagenet,Tensorflow 2.20.0,67104.0,55873736,InceptionResNetV2,PROJECT,conda,local,selective-zebra-43,https://github.com/raphischer/ai-energy-validation.git,1ffbfa560be7fd27159d1da75c8a2e930b8379ee,fischer,main.py,file:///home/fischer/repos/ai-energy-validation#experiments/imagenet
e11a55b846a8481886c698bfc2a65dde,237577254607184300,FINISHED,file:///home/fischer/repos/ai-energy-validation/mlruns/237577254607184300/e11a55b846a8481886c698bfc2a65dde/artifacts,2025-09-20 07:46:57.831000+00:00,2025-09-20 07:49:46.337000+00:00,121.49207952793222,0.0015848998059895144,0.8717125654220581,29272.860477856084,1.735561490058899,0.6787335872650146,0.381873049439784,16,NVIDIA GeForce RTX 4090,16,120,ImageNet (ILSVRC 2012),Inference,/data/d1/fischer_diss/imagenet,Tensorflow 2.20.0,76656.0,60380648,ResNet152V2,PROJECT,conda,local,judicious-shrike-291,https://github.com/raphischer/ai-energy-validation.git,1ffbfa560be7fd27159d1da75c8a2e930b8379ee,fischer,main.py,file:///home/fischer/repos/ai-energy-validation#experiments/imagenet
2834248873e84a8989b86abff8a0639c,237577254607184300,FINISHED,file:///home/fischer/repos/ai-energy-validation/mlruns/237577254607184300/2834248873e84a8989b86abff8a0639c/artifacts,2025-09-20 07:44:08.784000+00:00,2025-09-20 07:46:54.779000+00:00,121.89893695001956,0.001082968523010124,0.8696961402893066,29793.847151233444,1.7853999137878418,0.6728233695030212,0.2646930272853007,16,NVIDIA GeForce RTX 4090,16,120,ImageNet (ILSVRC 2012),Inference,/data/d1/fischer_diss/imagenet,Tensorflow 2.20.0,112560.0,44675560,ResNet101V2,PROJECT,conda,local,carefree-cow-818,https://github.com/raphischer/ai-energy-validation.git,1ffbfa560be7fd27159d1da75c8a2e930b8379ee,fischer,main.py,file:///home/fischer/repos/ai-energy-validation#experiments/imagenet
3e455a78b93644a68bcea7d0e4094ed6,237577254607184300,FINISHED,file:///home/fischer/repos/ai-energy-validation/mlruns/237577254607184300/3e455a78b93644a68bcea7d0e4094ed6/artifacts,2025-09-20 07:41:01.874000+00:00,2025-09-20 07:44:05.637000+00:00,144.02315382298548,0.0005749886371086932,0.8552938103675842,38046.415721644444,1.803987741470337,0.6513853669166565,0.1518940263559743,16,NVIDIA GeForce RTX 4090,16,120,ImageNet (ILSVRC 2012),Inference,/data/d1/fischer_diss/imagenet,Tensorflow 2.20.0,250480.0,25613800,ResNet50V2,PROJECT,conda,local,popular-jay-956,https://github.com/raphischer/ai-energy-validation.git,1ffbfa560be7fd27159d1da75c8a2e930b8379ee,fischer,main.py,file:///home/fischer/repos/ai-energy-validation#experiments/imagenet
07aa927cabeb48c7be25f6cb370b42e3,237577254607184300,FINISHED,file:///home/fischer/repos/ai-energy-validation/mlruns/237577254607184300/07aa927cabeb48c7be25f6cb370b42e3/artifacts,2025-09-20 07:38:06.952000+00:00,2025-09-20 07:40:58.660000+00:00,123.94242240197492,0.0017545643035387164,0.8998726010322571,29407.381596866162,1.2292088270187378,0.7239382863044739,0.4162992864788528,16,NVIDIA GeForce RTX 4090,16,120,ImageNet (ILSVRC 2012),Inference,/data/d1/fischer_diss/imagenet,Tensorflow 2.20.0,70640.0,60419944,ResNet152,PROJECT,conda,local,melodic-pug-601,https://github.com/raphischer/ai-energy-validation.git,1ffbfa560be7fd27159d1da75c8a2e930b8379ee,fischer,main.py,file:///home/fischer/repos/ai-energy-validation#experiments/imagenet
16e66b9193204a649c51bf17b3b0d512,237577254607184300,FINISHED,file:///home/fischer/repos/ai-energy-validation/mlruns/237577254607184300/16e66b9193204a649c51bf17b3b0d512/artifacts,2025-09-20 07:35:19.387000+00:00,2025-09-20 07:38:03.866000+00:00,119.81299654499162,0.0012602343123631734,0.8956685662269592,28779.729091584482,1.25836181640625,0.7175298929214478,0.3027150905796079,16,NVIDIA GeForce RTX 4090,16,120,ImageNet (ILSVRC 2012),Inference,/data/d1/fischer_diss/imagenet,Tensorflow 2.20.0,95072.0,44707176,ResNet101,PROJECT,conda,local,wistful-mare-840,https://github.com/raphischer/ai-energy-validation.git,1ffbfa560be7fd27159d1da75c8a2e930b8379ee,fischer,main.py,file:///home/fischer/repos/ai-energy-validation#experiments/imagenet
5f75a7e6cb7d4046bde3cc8f084d4172,237577254607184300,FINISHED,file:///home/fischer/repos/ai-energy-validation/mlruns/237577254607184300/5f75a7e6cb7d4046bde3cc8f084d4172/artifacts,2025-09-20 07:32:31.598000+00:00,2025-09-20 07:35:16.199000+00:00,124.5690287980251,0.0006929741254896812,0.8853916525840759,33169.646536540204,1.3258520364761353,0.7008678317070007,0.18452184321617826,16,NVIDIA GeForce RTX 4090,16,120,ImageNet (ILSVRC 2012),Inference,/data/d1/fischer_diss/imagenet,Tensorflow 2.20.0,179760.0,25636712,ResNet50,PROJECT,conda,local,magnificent-hawk-844,https://github.com/raphischer/ai-energy-validation.git,1ffbfa560be7fd27159d1da75c8a2e930b8379ee,fischer,main.py,file:///home/fischer/repos/ai-energy-validation#experiments/imagenet
ea00eca770d34810b811120c27aaa5ef,237577254607184300,FINISHED,file:///home/fischer/repos/ai-energy-validation/mlruns/237577254607184300/ea00eca770d34810b811120c27aaa5ef/artifacts,2025-09-20 07:29:30.767000+00:00,2025-09-20 07:32:28.490000+00:00,127.77721724600995,0.001186991093620039,0.8998773694038391,23077.51644090996,1.1752530336380005,0.7256335616111755,0.21437942591511183,16,NVIDIA GeForce RTX 4090,16,120,ImageNet (ILSVRC 2012),Inference,/data/d1/fischer_diss/imagenet,Tensorflow 2.20.0,107648.0,20242984,DenseNet201,PROJECT,conda,local,inquisitive-koi-323,https://github.com/raphischer/ai-energy-validation.git,1ffbfa560be7fd27159d1da75c8a2e930b8379ee,fischer,main.py,file:///home/fischer/repos/ai-energy-validation#experiments/imagenet
4fe4c5f5bef34516a591b481f47232e4,237577254607184300,FINISHED,file:///home/fischer/repos/ai-energy-validation/mlruns/237577254607184300/4fe4c5f5bef34516a591b481f47232e4/artifacts,2025-09-20 07:26:50.364000+00:00,2025-09-20 07:29:27.649000+00:00,112.7654917499749,0.0008802102203538692,0.8827666640281677,19314.98325962856,1.2992379665374756,0.6924878358840942,0.15076638612798612,16,NVIDIA GeForce RTX 4090,16,120,ImageNet (ILSVRC 2012),Inference,/data/d1/fischer_diss/imagenet,Tensorflow 2.20.0,128112.0,8062504,DenseNet121,PROJECT,conda,local,capricious-cod-195,https://github.com/raphischer/ai-energy-validation.git,1ffbfa560be7fd27159d1da75c8a2e930b8379ee,fischer,main.py,file:///home/fischer/repos/ai-energy-validation#experiments/imagenet
cc52863c4655416a85b1a34bc7779ed9,237577254607184300,FINISHED,file:///home/fischer/repos/ai-energy-validation/mlruns/237577254607184300/cc52863c4655416a85b1a34bc7779ed9/artifacts,2025-09-20 07:24:10.202000+00:00,2025-09-20 07:26:47.478000+00:00,117.89792400598526,0.0010329238129138361,0.9319607615470886,25838.50942419084,0.9928286671638489,0.7772209644317627,0.226375586334246,4,NVIDIA GeForce RTX 4090,4,120,ImageNet (ILSVRC 2012),Inference,/data/d1/fischer_diss/imagenet,Tensorflow 2.20.0,114140.0,28589128,ConvNeXtTiny,PROJECT,conda,local,carefree-doe-428,https://github.com/raphischer/ai-energy-validation.git,1ffbfa560be7fd27159d1da75c8a2e930b8379ee,fischer,main.py,file:///home/fischer/repos/ai-energy-validation#experiments/imagenet
17e1f81010f042c4bc83cf147b12eaae,237577254607184300,FINISHED,file:///home/fischer/repos/ai-energy-validation/mlruns/237577254607184300/17e1f81010f042c4bc83cf147b12eaae/artifacts,2025-09-20 07:21:26.755000+00:00,2025-09-20 07:24:07.224000+00:00,118.39459385699593,0.002073896332977087,0.9393743276596069,22614.96331331748,0.9053593873977661,0.7918826937675476,0.39614215445132916,4,NVIDIA GeForce RTX 4090,4,120,ImageNet (ILSVRC 2012),Inference,/data/d1/fischer_diss/imagenet,Tensorflow 2.20.0,57088.0,50223688,ConvNeXtSmall,PROJECT,conda,local,handsome-owl-803,https://github.com/raphischer/ai-energy-validation.git,1ffbfa560be7fd27159d1da75c8a2e930b8379ee,fischer,main.py,file:///home/fischer/repos/ai-energy-validation#experiments/imagenet
6fe63535dc0145c2afe7d0e30557911a,237577254607184300,FINISHED,file:///home/fischer/repos/ai-energy-validation/mlruns/237577254607184300/6fe63535dc0145c2afe7d0e30557911a/artifacts,2025-09-20 07:18:43.042000+00:00,2025-09-20 07:21:23.526000+00:00,115.43286206398624,0.002488849979818591,0.9577835202217102,24182.10350392356,0.7378654479980469,0.8190168142318726,0.5213907611885201,4,NVIDIA GeForce RTX 4090,4,120,ImageNet (ILSVRC 2012),Inference,/data/d1/fischer_diss/imagenet,Tensorflow 2.20.0,46380.0,88591464,ConvNeXtBase,PROJECT,conda,local,invincible-dove-69,https://github.com/raphischer/ai-energy-validation.git,1ffbfa560be7fd27159d1da75c8a2e930b8379ee,fischer,main.py,file:///home/fischer/repos/ai-energy-validation#experiments/imagenet
1ba4fb65c224441699b6b49cea9d801e,237577254607184300,FINISHED,file:///home/fischer/repos/ai-energy-validation/mlruns/237577254607184300/1ba4fb65c224441699b6b49cea9d801e/artifacts,2025-09-20 07:15:57.200000+00:00,2025-09-20 07:18:40.033000+00:00,120.71652546501718,0.001474526377400415,0.8658450245857239,36761.66231659596,1.4152170419692993,0.6682220101356506,0.44903579318654374,4,NVIDIA GeForce RTX 4090,4,120,ImageNet (ILSVRC 2012),Inference,/data/d1/fischer_diss/imagenet,Tensorflow 2.20.0,81868.0,143667240,VGG19,PROJECT,conda,local,wistful-sow-149,https://github.com/raphischer/ai-energy-validation.git,1ffbfa560be7fd27159d1da75c8a2e930b8379ee,fischer,main.py,file:///home/fischer/repos/ai-energy-validation#experiments/imagenet
4ddd53f5457648a38950105631e53177,237577254607184300,FINISHED,file:///home/fischer/repos/ai-energy-validation/mlruns/237577254607184300/4ddd53f5457648a38950105631e53177/artifacts,2025-09-20 07:13:06.977000+00:00,2025-09-20 07:15:54.146000+00:00,125.8032823310932,0.0011737132625307246,0.8663046956062317,40230.70528979304,1.4135063886642456,0.6702959537506104,0.3753424512034729,4,NVIDIA GeForce RTX 4090,4,120,ImageNet (ILSVRC 2012),Inference,/data/d1/fischer_diss/imagenet,Tensorflow 2.20.0,107184.0,138357544,VGG16,PROJECT,conda,local,classy-goose-536,https://github.com/raphischer/ai-energy-validation.git,1ffbfa560be7fd27159d1da75c8a2e930b8379ee,fischer,main.py,file:///home/fischer/repos/ai-energy-validation#experiments/imagenet
ea1273173b7f45b09cbe3714e1e875c3,237577254607184300,FINISHED,file:///home/fischer/repos/ai-energy-validation/mlruns/237577254607184300/ea1273173b7f45b09cbe3714e1e875c3/artifacts,2025-09-20 07:10:23.392000+00:00,2025-09-20 07:13:03.973000+00:00,116.25874795007984,0.0016223660054434808,0.9355149269104004,26783.51547034188,0.9742214679718018,0.7777002453804016,0.3737582398875507,4,NVIDIA GeForce RTX 4090,4,120,ImageNet (ILSVRC 2012),Inference,/data/d1/fischer_diss/imagenet,Tensorflow 2.20.0,71660.0,22910480,Xception,PROJECT,conda,local,adventurous-slug-445,https://github.com/raphischer/ai-energy-validation.git,1ffbfa560be7fd27159d1da75c8a2e930b8379ee,fischer,main.py,file:///home/fischer/repos/ai-energy-validation#experiments/imagenet
71fde2c5896d40bdbe965e1e9c12bd43,237577254607184300,FINISHED,file:///home/fischer/repos/ai-energy-validation/mlruns/237577254607184300/71fde2c5896d40bdbe965e1e9c12bd43/artifacts,2025-09-20 07:07:13.108000+00:00,2025-09-20 07:10:20.345000+00:00,136.47891912597697,0.0030229228122170856,0.8810356855392456,14903.5212145548,1.348161220550537,0.695003092288971,0.3301036859784442,4,NVIDIA GeForce RTX 4090,4,120,ImageNet (ILSVRC 2012),Inference,/data/d1/fischer_diss/imagenet,Tensorflow 2.20.0,45148.0,5326716,NASNetMobile,PROJECT,conda,local,dashing-gull-85,https://github.com/raphischer/ai-energy-validation.git,1ffbfa560be7fd27159d1da75c8a2e930b8379ee,fischer,main.py,file:///home/fischer/repos/ai-energy-validation#experiments/imagenet
77d547a57a874840b21bef7da9ec3d9a,237577254607184300,FINISHED,file:///home/fischer/repos/ai-energy-validation/mlruns/237577254607184300/77d547a57a874840b21bef7da9ec3d9a/artifacts,2025-09-20 07:04:24.721000+00:00,2025-09-20 07:07:10.037000+00:00,118.45865602907725,0.0026200711322011245,0.9633283019065857,20853.47926362996,0.720645010471344,0.8308855891227722,0.46123770821087234,4,NVIDIA GeForce RTX 4090,4,120,ImageNet (ILSVRC 2012),Inference,/data/d1/fischer_diss/imagenet,Tensorflow 2.20.0,45212.0,21612360,EfficientNetV2S,PROJECT,conda,local,debonair-frog-878,https://github.com/raphischer/ai-energy-validation.git,1ffbfa560be7fd27159d1da75c8a2e930b8379ee,fischer,main.py,file:///home/fischer/repos/ai-energy-validation#experiments/imagenet
16790824de6d41219d82fa7cc1ef4630,237577254607184300,FINISHED,file:///home/fischer/repos/ai-energy-validation/mlruns/237577254607184300/16790824de6d41219d82fa7cc1ef4630/artifacts,2025-09-20 07:01:35.416000+00:00,2025-09-20 07:04:21.766000+00:00,122.10247479600366,0.0019457941547042909,0.9494677186012268,18050.99065954236,0.8257761597633362,0.8058229088783264,0.2876560214740942,4,NVIDIA GeForce RTX 4090,4,120,ImageNet (ILSVRC 2012),Inference,/data/d1/fischer_diss/imagenet,Tensorflow 2.20.0,62752.0,14467622,EfficientNetV2B3,PROJECT,conda,local,crawling-goose-918,https://github.com/raphischer/ai-energy-validation.git,1ffbfa560be7fd27159d1da75c8a2e930b8379ee,fischer,main.py,file:///home/fischer/repos/ai-energy-validation#experiments/imagenet
7e375e34aa9d4e7e9023ecef177571de,237577254607184300,FINISHED,file:///home/fischer/repos/ai-energy-validation/mlruns/237577254607184300/7e375e34aa9d4e7e9023ecef177571de/artifacts,2025-09-20 06:57:51.429000+00:00,2025-09-20 07:01:32.609000+00:00,178.42847157700453,0.001540460610361955,0.9299564957618713,26167.35417901344,0.9687341451644897,0.7742946147918701,0.22591561780410127,4,NVIDIA GeForce RTX 4090,4,120,ImageNet (ILSVRC 2012),Inference,/data/d1/fischer_diss/imagenet,Tensorflow 2.20.0,115828.0,10178374,EfficientNetV2B2,PROJECT,conda,local,monumental-conch-177,https://github.com/raphischer/ai-energy-validation.git,1ffbfa560be7fd27159d1da75c8a2e930b8379ee,fischer,main.py,file:///home/fischer/repos/ai-energy-validation#experiments/imagenet
c14498d6dd1e4ceb9aff4030464a4b3a,237577254607184300,FINISHED,file:///home/fischer/repos/ai-energy-validation/mlruns/237577254607184300/c14498d6dd1e4ceb9aff4030464a4b3a/artifacts,2025-09-20 06:54:26.147000+00:00,2025-09-20 06:57:48.488000+00:00,160.9078842359595,0.0011708181808891634,0.9224052429199219,25215.919889910117,1.033174991607666,0.7589353322982788,0.183479247117921,4,NVIDIA GeForce RTX 4090,4,120,ImageNet (ILSVRC 2012),Inference,/data/d1/fischer_diss/imagenet,Tensorflow 2.20.0,137432.0,8212124,EfficientNetV2B1,PROJECT,conda,local,invincible-kite-961,https://github.com/raphischer/ai-energy-validation.git,1ffbfa560be7fd27159d1da75c8a2e930b8379ee,fischer,main.py,file:///home/fischer/repos/ai-energy-validation#experiments/imagenet
db211cfed08b48cb8295463463656974,237577254607184300,FINISHED,file:///home/fischer/repos/ai-energy-validation/mlruns/237577254607184300/db211cfed08b48cb8295463463656974/artifacts,2025-09-20 06:51:05.397000+00:00,2025-09-20 06:54:23.326000+00:00,156.66974228899926,0.0010570081115166595,0.9099177122116089,22539.377777639398,1.1311179399490356,0.7370327711105347,0.15206704748103764,4,NVIDIA GeForce RTX 4090,4,120,ImageNet (ILSVRC 2012),Inference,/data/d1/fischer_diss/imagenet,Tensorflow 2.20.0,148220.0,7200312,EfficientNetV2B0,PROJECT,conda,local,wistful-shark-627,https://github.com/raphischer/ai-energy-validation.git,1ffbfa560be7fd27159d1da75c8a2e930b8379ee,fischer,main.py,file:///home/fischer/repos/ai-energy-validation#experiments/imagenet
4c3b9ed4de44498dac668707a187041f,237577254607184300,FINISHED,file:///home/fischer/repos/ai-energy-validation/mlruns/237577254607184300/4c3b9ed4de44498dac668707a187041f/artifacts,2025-09-20 06:48:17.976000+00:00,2025-09-20 06:51:02.418000+00:00,117.9205844439566,0.002537236088388773,0.9590541124343872,22294.474733455918,0.8588196039199829,0.8205094933509827,0.4796986559397521,4,NVIDIA GeForce RTX 4090,4,120,ImageNet (ILSVRC 2012),Inference,/data/d1/fischer_diss/imagenet,Tensorflow 2.20.0,46476.0,19466823,EfficientNetB4,PROJECT,conda,local,nimble-horse-530,https://github.com/raphischer/ai-energy-validation.git,1ffbfa560be7fd27159d1da75c8a2e930b8379ee,fischer,main.py,file:///home/fischer/repos/ai-energy-validation#experiments/imagenet
5fa8259c15044a16b82c9fac2e4ac25d,237577254607184300,FINISHED,file:///home/fischer/repos/ai-energy-validation/mlruns/237577254607184300/5fa8259c15044a16b82c9fac2e4ac25d/artifacts,2025-09-20 06:45:41.902000+00:00,2025-09-20 06:48:14.907000+00:00,108.3205872469116,0.0018512542255761486,0.9475321173667908,17642.493932832,0.8788701891899109,0.8018184304237366,0.3015192427678425,4,NVIDIA GeForce RTX 4090,4,120,ImageNet (ILSVRC 2012),Inference,/data/d1/fischer_diss/imagenet,Tensorflow 2.20.0,58512.0,12320535,EfficientNetB3,PROJECT,conda,local,capable-finch-857,https://github.com/raphischer/ai-energy-validation.git,1ffbfa560be7fd27159d1da75c8a2e930b8379ee,fischer,main.py,file:///home/fischer/repos/ai-energy-validation#experiments/imagenet
68eb50c114db427dbb0ac43127c4c631,237577254607184300,FINISHED,file:///home/fischer/repos/ai-energy-validation/mlruns/237577254607184300/68eb50c114db427dbb0ac43127c4c631/artifacts,2025-09-20 06:42:01.905000+00:00,2025-09-20 06:45:39.093000+00:00,173.6981964739971,0.001544258503502819,0.9318279027938843,25511.9416054002,1.0006802082061768,0.7717283368110657,0.22681313660562055,4,NVIDIA GeForce RTX 4090,4,120,ImageNet (ILSVRC 2012),Inference,/data/d1/fischer_diss/imagenet,Tensorflow 2.20.0,112480.0,9177569,EfficientNetB2,PROJECT,conda,local,lyrical-cat-810,https://github.com/raphischer/ai-energy-validation.git,1ffbfa560be7fd27159d1da75c8a2e930b8379ee,fischer,main.py,file:///home/fischer/repos/ai-energy-validation#experiments/imagenet
9cbc7324bab54c4f9d2f687be0cc01c9,237577254607184300,FINISHED,file:///home/fischer/repos/ai-energy-validation/mlruns/237577254607184300/9cbc7324bab54c4f9d2f687be0cc01c9/artifacts,2025-09-20 06:38:26.114000+00:00,2025-09-20 06:41:59.058000+00:00,172.34010926098563,0.0008103106451871585,0.8944631218910217,30333.06646414272,1.2695074081420898,0.7145248055458069,0.14262034974019072,4,NVIDIA GeForce RTX 4090,4,120,ImageNet (ILSVRC 2012),Inference,/data/d1/fischer_diss/imagenet,Tensorflow 2.20.0,212684.0,5330571,EfficientNetB0,PROJECT,conda,local,serious-moose-173,https://github.com/raphischer/ai-energy-validation.git,1ffbfa560be7fd27159d1da75c8a2e930b8379ee,fischer,main.py,file:///home/fischer/repos/ai-energy-validation#experiments/imagenet
49b3e91cc52c44ceadc618e0c08832dd,237577254607184300,FINISHED,file:///home/fischer/repos/ai-energy-validation/mlruns/237577254607184300/49b3e91cc52c44ceadc618e0c08832dd/artifacts,2025-09-20 06:35:38.209000+00:00,2025-09-20 06:38:23.360000+00:00,128.0960500279907,0.0005117782546584473,0.8376362323760986,26090.5171382244,1.6682987213134766,0.6322154402732849,0.1042386499913079,4,NVIDIA GeForce RTX 4090,4,120,ImageNet (ILSVRC 2012),Inference,/data/d1/fischer_diss/imagenet,Tensorflow 2.20.0,250296.0,2554968,MobileNetV3Small,PROJECT,conda,local,delicate-stoat-672,https://github.com/raphischer/ai-energy-validation.git,1ffbfa560be7fd27159d1da75c8a2e930b8379ee,fischer,main.py,file:///home/fischer/repos/ai-energy-validation#experiments/imagenet
a83e4c3f61f54fcf87a2709ee1d97efc,237577254607184300,FINISHED,file:///home/fischer/repos/ai-energy-validation/mlruns/237577254607184300/a83e4c3f61f54fcf87a2709ee1d97efc/artifacts,2025-09-20 06:32:39.603000+00:00,2025-09-20 06:35:35.526000+00:00,135.97645472595468,0.0006387949804849795,0.8929927349090576,25490.630425396677,1.2816205024719238,0.7106133699417114,0.11975078183909293,4,NVIDIA GeForce RTX 4090,4,120,ImageNet (ILSVRC 2012),Inference,/data/d1/fischer_diss/imagenet,Tensorflow 2.20.0,212864.0,5507432,MobileNetV3Large,PROJECT,conda,local,upbeat-skink-917,https://github.com/raphischer/ai-energy-validation.git,1ffbfa560be7fd27159d1da75c8a2e930b8379ee,fischer,main.py,file:///home/fischer/repos/ai-energy-validation#experiments/imagenet
bd642c65b9b9497c86870959e40cb9da,237577254607184300,FINISHED,file:///home/fischer/repos/ai-energy-validation/mlruns/237577254607184300/bd642c65b9b9497c86870959e40cb9da/artifacts,2025-09-20 06:29:32.791000+00:00,2025-09-20 06:32:37.052000+00:00,144.92398351198062,0.0005318545532719996,0.8268914818763733,32835.49014523104,1.7851942777633667,0.615627110004425,0.1205025180750383,4,NVIDIA GeForce RTX 4090,4,120,ImageNet (ILSVRC 2012),Inference,/data/d1/fischer_diss/imagenet,Tensorflow 2.20.0,272488.0,3538984,MobileNetV2,PROJECT,conda,local,redolent-turtle-537,https://github.com/raphischer/ai-energy-validation.git,1ffbfa560be7fd27159d1da75c8a2e930b8379ee,fischer,main.py,file:///home/fischer/repos/ai-energy-validation#experiments/imagenet
c1d097ec0d5e453eaf312c0b5a82dec9,237577254607184300,FINISHED,file:///home/fischer/repos/ai-energy-validation/mlruns/237577254607184300/c1d097ec0d5e453eaf312c0b5a82dec9/artifacts,2025-09-20 06:26:48.262000+00:00,2025-09-20 06:29:30.030000+00:00,123.1510820010444,0.00039982559770737635,0.8223024010658264,32229.15962276304,1.8118526935577393,0.6128137707710266,0.10463605191603911,4,NVIDIA GeForce RTX 4090,4,120,ImageNet (ILSVRC 2012),Inference,/data/d1/fischer_diss/imagenet,Tensorflow 2.20.0,308012.0,4253864,MobileNet,PROJECT,conda,local,ambitious-tern-365,https://github.com/raphischer/ai-energy-validation.git,1ffbfa560be7fd27159d1da75c8a2e930b8379ee,fischer,main.py,file:///home/fischer/repos/ai-energy-validation#experiments/imagenet
117c6fc313c1413cac68627af9069a44,237577254607184300,FINISHED,file:///home/fischer/repos/ai-energy-validation/mlruns/237577254607184300/117c6fc313c1413cac68627af9069a44/artifacts,2025-09-20 06:24:10.125000+00:00,2025-09-20 06:26:45.455000+00:00,115.33545315195806,0.0016000146100654522,0.9269463419914246,21137.15824719372,1.0328477621078491,0.7646634578704834,0.29322954119074585,4,NVIDIA GeForce RTX 4090,4,120,ImageNet (ILSVRC 2012),Inference,/data/d1/fischer_diss/imagenet,Tensorflow 2.20.0,72084.0,23851784,InceptionV3,PROJECT,conda,local,skittish-worm-368,https://github.com/raphischer/ai-energy-validation.git,1ffbfa560be7fd27159d1da75c8a2e930b8379ee,fischer,main.py,file:///home/fischer/repos/ai-energy-validation#experiments/imagenet
97242a5dc0e24168be4c2ada1013821f,237577254607184300,FINISHED,file:///home/fischer/repos/ai-energy-validation/mlruns/237577254607184300/97242a5dc0e24168be4c2ada1013821f/artifacts,2025-09-20 06:21:20.107000+00:00,2025-09-20 06:24:07.483000+00:00,119.79955995292404,0.00406872571501576,0.9422633051872253,20465.7873476418,0.9122982025146484,0.7885477542877197,0.695074967655271,4,NVIDIA GeForce RTX 4090,4,120,ImageNet (ILSVRC 2012),Inference,/data/d1/fischer_diss/imagenet,Tensorflow 2.20.0,29444.0,55873736,InceptionResNetV2,PROJECT,conda,local,blushing-cow-76,https://github.com/raphischer/ai-energy-validation.git,1ffbfa560be7fd27159d1da75c8a2e930b8379ee,fischer,main.py,file:///home/fischer/repos/ai-energy-validation#experiments/imagenet
784bee4c17844b8bb3dd0b7fa1e0dab1,237577254607184300,FINISHED,file:///home/fischer/repos/ai-energy-validation/mlruns/237577254607184300/784bee4c17844b8bb3dd0b7fa1e0dab1/artifacts,2025-09-20 06:18:36.681000+00:00,2025-09-20 06:21:17.322000+00:00,116.03490706300364,0.003665958140496766,0.8722987771034241,19784.12887416924,1.7259889841079712,0.6802729964256287,0.6250514619666764,4,NVIDIA GeForce RTX 4090,4,120,ImageNet (ILSVRC 2012),Inference,/data/d1/fischer_diss/imagenet,Tensorflow 2.20.0,31652.0,60380648,ResNet152V2,PROJECT,conda,local,luminous-hawk-636,https://github.com/raphischer/ai-energy-validation.git,1ffbfa560be7fd27159d1da75c8a2e930b8379ee,fischer,main.py,file:///home/fischer/repos/ai-energy-validation#experiments/imagenet
253789e3063a48d5bce800fea4341850,237577254607184300,FINISHED,file:///home/fischer/repos/ai-energy-validation/mlruns/237577254607184300/253789e3063a48d5bce800fea4341850/artifacts,2025-09-20 06:16:02.002000+00:00,2025-09-20 06:18:34.093000+00:00,109.7951185030397,0.002376311975219455,0.8690156936645508,20219.544323361,1.7914725542068481,0.6722794771194458,0.4376145858228941,4,NVIDIA GeForce RTX 4090,4,120,ImageNet (ILSVRC 2012),Inference,/data/d1/fischer_diss/imagenet,Tensorflow 2.20.0,46204.0,44675560,ResNet101V2,PROJECT,conda,local,funny-foal-262,https://github.com/raphischer/ai-energy-validation.git,1ffbfa560be7fd27159d1da75c8a2e930b8379ee,fischer,main.py,file:///home/fischer/repos/ai-energy-validation#experiments/imagenet
7d42f84b94784e12b14f70d22c70b1ba,237577254607184300,FINISHED,file:///home/fischer/repos/ai-energy-validation/mlruns/237577254607184300/7d42f84b94784e12b14f70d22c70b1ba/artifacts,2025-09-20 06:13:06.525000+00:00,2025-09-20 06:15:59.314000+00:00,134.6511734080268,0.001205040034079352,0.8555396199226379,26651.1290604696,1.8008134365081787,0.6520583629608154,0.23851019384705208,4,NVIDIA GeForce RTX 4090,4,120,ImageNet (ILSVRC 2012),Inference,/data/d1/fischer_diss/imagenet,Tensorflow 2.20.0,111740.0,25613800,ResNet50V2,PROJECT,conda,local,skillful-panda-499,https://github.com/raphischer/ai-energy-validation.git,1ffbfa560be7fd27159d1da75c8a2e930b8379ee,fischer,main.py,file:///home/fischer/repos/ai-energy-validation#experiments/imagenet
a204bc3ca450418c8656ad48ce6f7b51,237577254607184300,FINISHED,file:///home/fischer/repos/ai-energy-validation/mlruns/237577254607184300/a204bc3ca450418c8656ad48ce6f7b51/artifacts,2025-09-20 06:10:19.226000+00:00,2025-09-20 06:13:03.787000+00:00,118.8572426220635,0.004069895994454989,0.899363100528717,22845.23437734828,1.2264138460159302,0.7237022519111633,0.7822638808844089,4,NVIDIA GeForce RTX 4090,4,120,ImageNet (ILSVRC 2012),Inference,/data/d1/fischer_diss/imagenet,Tensorflow 2.20.0,29204.0,60419944,ResNet152,PROJECT,conda,local,funny-shoat-345,https://github.com/raphischer/ai-energy-validation.git,1ffbfa560be7fd27159d1da75c8a2e930b8379ee,fischer,main.py,file:///home/fischer/repos/ai-energy-validation#experiments/imagenet
9ee32214f66a4530826e7e320b7bacc6,237577254607184300,FINISHED,file:///home/fischer/repos/ai-energy-validation/mlruns/237577254607184300/9ee32214f66a4530826e7e320b7bacc6/artifacts,2025-09-20 06:07:35.578000+00:00,2025-09-20 06:10:16.502000+00:00,118.83796768798491,0.0028091425796138644,0.895541787147522,23274.8549384976,1.2520623207092285,0.7180408239364624,0.5501809507020046,4,NVIDIA GeForce RTX 4090,4,120,ImageNet (ILSVRC 2012),Inference,/data/d1/fischer_diss/imagenet,Tensorflow 2.20.0,42304.0,44707176,ResNet101,PROJECT,conda,local,agreeable-roo-403,https://github.com/raphischer/ai-energy-validation.git,1ffbfa560be7fd27159d1da75c8a2e930b8379ee,fischer,main.py,file:///home/fischer/repos/ai-energy-validation#experiments/imagenet
b8791fd384f742dfbbf5ed6506fda577,237577254607184300,FINISHED,file:///home/fischer/repos/ai-energy-validation/mlruns/237577254607184300/b8791fd384f742dfbbf5ed6506fda577/artifacts,2025-09-20 06:04:54.337000+00:00,2025-09-20 06:07:32.813000+00:00,120.06947961694097,0.0011395683498817526,0.8855016827583313,30368.81970952524,1.325406551361084,0.7008940577507019,0.28822766513728826,4,NVIDIA GeForce RTX 4090,4,120,ImageNet (ILSVRC 2012),Inference,/data/d1/fischer_diss/imagenet,Tensorflow 2.20.0,105364.0,25636712,ResNet50,PROJECT,conda,local,intelligent-kite-618,https://github.com/raphischer/ai-energy-validation.git,1ffbfa560be7fd27159d1da75c8a2e930b8379ee,fischer,main.py,file:///home/fischer/repos/ai-energy-validation#experiments/imagenet
c5a1725a234c4418985589d452a31075,237577254607184300,FINISHED,file:///home/fischer/repos/ai-energy-validation/mlruns/237577254607184300/c5a1725a234c4418985589d452a31075/artifacts,2025-09-20 06:02:01.201000+00:00,2025-09-20 06:04:51.599000+00:00,120.924475431093,0.002928520668194638,0.8993509411811829,17007.789070375562,1.1725497245788574,0.7253947257995605,0.411890658490157,4,NVIDIA GeForce RTX 4090,4,120,ImageNet (ILSVRC 2012),Inference,/data/d1/fischer_diss/imagenet,Tensorflow 2.20.0,41292.0,20242984,DenseNet201,PROJECT,conda,local,enthused-doe-518,https://github.com/raphischer/ai-energy-validation.git,1ffbfa560be7fd27159d1da75c8a2e930b8379ee,fischer,main.py,file:///home/fischer/repos/ai-energy-validation#experiments/imagenet
f7fa2f9fb3be4d3486a5f5eba3db9611,237577254607184300,FINISHED,file:///home/fischer/repos/ai-energy-validation/mlruns/237577254607184300/f7fa2f9fb3be4d3486a5f5eba3db9611/artifacts,2025-09-20 05:59:13.093000+00:00,2025-09-20 06:01:58.484000+00:00,123.87944723304828,0.0014779928323118293,0.8828386068344116,20312.14683013812,1.2980560064315796,0.6926600933074951,0.2423421164233335,4,NVIDIA GeForce RTX 4090,4,120,ImageNet (ILSVRC 2012),Inference,/data/d1/fischer_diss/imagenet,Tensorflow 2.20.0,83816.0,8062504,DenseNet121,PROJECT,conda,local,crawling-gnu-436,https://github.com/raphischer/ai-energy-validation.git,1ffbfa560be7fd27159d1da75c8a2e930b8379ee,fischer,main.py,file:///home/fischer/repos/ai-energy-validation#experiments/imagenet

