run_id,experiment_id,status,artifact_uri,start_time,end_time,metrics.loss,metrics.sparse_categorical_accuracy,metrics.power_draw_total_gt,metrics.power_draw,metrics.power_draw_total,metrics.sparse_top_k_categorical_accuracy,metrics.running_time_total_gt,metrics.running_time,metrics.running_time_gt,metrics.power_draw_gt,metrics.running_time_total,params.batch_size,params.n_samples,params.batchsize,params.parameters,params.software,params.architecture,params.dataset,params.model,params.task,tags.mlflow.source.type,tags.mlflow.source.git.repoURL,tags.mlflow.user,tags.mlflow.project.entryPoint,tags.mlflow.project.backend,tags.mlflow.source.name,tags.mlflow.runName,tags.mlflow.source.git.commit,tags.mlflow.project.env
66515dc3d72b464abc31d75ae67fc586,309806188325510521,FINISHED,file:///home/fischer/repos/ai-energy-validation/mlruns/309806188325510521/66515dc3d72b464abc31d75ae67fc586/artifacts,2026-05-13 00:45:29.059000+00:00,2026-05-13 00:48:03.652000+00:00,0.9957431554794312,0.77734375,33480.0,6.805542634403404,24391.0648017018,0.9302455186843872,120.0,0.033324848064452794,0.033482142857142856,9.341517857142858,119.43625546299882,16,3584.0,16,28589128,Tensorflow 2.21.0,13th Gen Intel(R) Core(TM) i9-13900K,ImageNet (ILSVRC 2012),ConvNeXtTiny,Inference,PROJECT,https://github.com/raphischer/ai-energy-validation.git,fischer,main.py,local,file:///home/fischer/repos/ai-energy-validation#experiments/imagenet,glamorous-hare-349,7e69f4af5b9b5ce6bd77fca6978f53af9fd3773f,conda
2989b19a12984e53b4e2efe3f09e343f,309806188325510521,FINISHED,file:///home/fischer/repos/ai-energy-validation/mlruns/309806188325510521/2989b19a12984e53b4e2efe3f09e343f/artifacts,2026-05-13 00:42:40.062000+00:00,2026-05-13 00:45:24.538000+00:00,0.8690322637557983,0.8009615540504456,33480.0,11.724103421015192,24386.1351157116,0.9461538195610046,120.0,0.05759883843269423,0.057692307692307696,16.096153846153847,119.805583940004,16,2080.0,16,50223688,Tensorflow 2.21.0,13th Gen Intel(R) Core(TM) i9-13900K,ImageNet (ILSVRC 2012),ConvNeXtSmall,Inference,PROJECT,https://github.com/raphischer/ai-energy-validation.git,fischer,main.py,local,file:///home/fischer/repos/ai-energy-validation#experiments/imagenet,puzzled-crab-704,7e69f4af5b9b5ce6bd77fca6978f53af9fd3773f,conda
b62b0056b3f1433996f12aead65e0643,309806188325510521,FINISHED,file:///home/fischer/repos/ai-energy-validation/mlruns/309806188325510521/b62b0056b3f1433996f12aead65e0643/artifacts,2026-05-13 00:39:47.339000+00:00,2026-05-13 00:42:35.562000+00:00,0.7414131760597229,0.8167613744735718,34092.0,17.651462794756362,24853.25961501696,0.9588068127632141,120.0,0.0857201107386345,0.08522727272727272,24.213068181818183,120.69391591999738,16,1408.0,16,88591464,Tensorflow 2.21.0,13th Gen Intel(R) Core(TM) i9-13900K,ImageNet (ILSVRC 2012),ConvNeXtBase,Inference,PROJECT,https://github.com/raphischer/ai-energy-validation.git,fischer,main.py,local,file:///home/fischer/repos/ai-energy-validation#experiments/imagenet,silent-squirrel-215,7e69f4af5b9b5ce6bd77fca6978f53af9fd3773f,conda
c9854f25f642467987eb08b57b30e213,309806188325510521,FINISHED,file:///home/fischer/repos/ai-energy-validation/mlruns/309806188325510521/c9854f25f642467987eb08b57b30e213/artifacts,2026-05-13 00:36:59.926000+00:00,2026-05-13 00:39:42.893000+00:00,1.4369983673095703,0.6642441749572754,34380.0,6.1235498966968605,25278.01397356464,0.8655523061752319,120.0,0.029142678601016624,0.029069767441860465,8.328488372093023,120.30097726499662,16,4128.0,16,143667240,Tensorflow 2.21.0,13th Gen Intel(R) Core(TM) i9-13900K,ImageNet (ILSVRC 2012),VGG19,Inference,PROJECT,https://github.com/raphischer/ai-energy-validation.git,fischer,main.py,local,file:///home/fischer/repos/ai-energy-validation#experiments/imagenet,awesome-hen-213,7e69f4af5b9b5ce6bd77fca6978f53af9fd3773f,conda
6ec34146d00445378bacaba5700c0d3a,309806188325510521,FINISHED,file:///home/fischer/repos/ai-energy-validation/mlruns/309806188325510521/6ec34146d00445378bacaba5700c0d3a/artifacts,2026-05-13 00:34:11.938000+00:00,2026-05-13 00:36:55.612000+00:00,1.4165785312652588,0.6692307591438293,34596.0,4.8563808008075995,25253.18016419952,0.863653838634491,124.0,0.02375575346230667,0.023846153846153847,6.653076923076923,123.52991800399468,16,5200.0,16,138357544,Tensorflow 2.21.0,13th Gen Intel(R) Core(TM) i9-13900K,ImageNet (ILSVRC 2012),VGG16,Inference,PROJECT,https://github.com/raphischer/ai-energy-validation.git,fischer,main.py,local,file:///home/fischer/repos/ai-energy-validation#experiments/imagenet,welcoming-mare-246,7e69f4af5b9b5ce6bd77fca6978f53af9fd3773f,conda
ea19e7fed4a747d1b2c63e159acc6e6e,309806188325510521,FINISHED,file:///home/fischer/repos/ai-energy-validation/mlruns/309806188325510521/ea19e7fed4a747d1b2c63e159acc6e6e/artifacts,2026-05-13 00:31:31.679000+00:00,2026-05-13 00:34:07.690000+00:00,0.984717607498169,0.77962327003479,34704.0,4.406712103419041,25735.1986839672,0.9330479502677917,120.0,0.02055189784092512,0.02054794520547945,5.942465753424657,120.02308339100271,16,5840.0,16,22910480,Tensorflow 2.21.0,13th Gen Intel(R) Core(TM) i9-13900K,ImageNet (ILSVRC 2012),Xception,Inference,PROJECT,https://github.com/raphischer/ai-energy-validation.git,fischer,main.py,local,file:///home/fischer/repos/ai-energy-validation#experiments/imagenet,redolent-lynx-81,7e69f4af5b9b5ce6bd77fca6978f53af9fd3773f,conda
87627fcba91048dc9a4b10fe00d1d27a,309806188325510521,FINISHED,file:///home/fischer/repos/ai-energy-validation/mlruns/309806188325510521/87627fcba91048dc9a4b10fe00d1d27a/artifacts,2026-05-13 00:29:01.240000+00:00,2026-05-13 00:31:27.502000+00:00,1.3478947877883911,0.6950488686561584,35784.0,0.5933849732303499,26726.059194294958,0.8810390830039978,124.0,0.0027593089152530537,0.002753108348134991,0.79449378330373,124.27927354299754,16,45040.0,16,5326716,Tensorflow 2.21.0,13th Gen Intel(R) Core(TM) i9-13900K,ImageNet (ILSVRC 2012),NASNetMobile,Inference,PROJECT,https://github.com/raphischer/ai-energy-validation.git,fischer,main.py,local,file:///home/fischer/repos/ai-energy-validation#experiments/imagenet,sassy-stag-161,7e69f4af5b9b5ce6bd77fca6978f53af9fd3773f,conda
2b6c4bb6d4cf4612be7dc4b7f73a2ac3,309806188325510521,FINISHED,file:///home/fischer/repos/ai-energy-validation/mlruns/309806188325510521/2b6c4bb6d4cf4612be7dc4b7f73a2ac3/artifacts,2026-05-13 00:26:17.166000+00:00,2026-05-13 00:28:56.953000+00:00,0.7244213819503784,0.8323076963424683,35352.0,5.083648907352576,26434.9743182334,0.9638461470603943,121.0,0.023306285466923538,0.023269230769230768,6.798461538461538,121.1926844280024,16,5200.0,16,21612360,Tensorflow 2.21.0,13th Gen Intel(R) Core(TM) i9-13900K,ImageNet (ILSVRC 2012),EfficientNetV2S,Inference,PROJECT,https://github.com/raphischer/ai-energy-validation.git,fischer,main.py,local,file:///home/fischer/repos/ai-energy-validation#experiments/imagenet,orderly-gnat-523,7e69f4af5b9b5ce6bd77fca6978f53af9fd3773f,conda
85ddfd6e675e46728281ae99eaac8d0e,309806188325510521,FINISHED,file:///home/fischer/repos/ai-energy-validation/mlruns/309806188325510521/85ddfd6e675e46728281ae99eaac8d0e/artifacts,2026-05-13 00:23:41.747000+00:00,2026-05-13 00:26:12.814000+00:00,0.8161107301712036,0.8099256157875061,36936.0,1.9980777749595138,27941.11960503384,0.9504433870315552,124.0,0.008872173271167195,0.008867276887871853,2.641304347826087,124.06847102400206,16,13984.0,16,14467622,Tensorflow 2.21.0,13th Gen Intel(R) Core(TM) i9-13900K,ImageNet (ILSVRC 2012),EfficientNetV2B3,Inference,PROJECT,https://github.com/raphischer/ai-energy-validation.git,fischer,main.py,local,file:///home/fischer/repos/ai-energy-validation#experiments/imagenet,auspicious-shad-990,7e69f4af5b9b5ce6bd77fca6978f53af9fd3773f,conda
988fc6c870614682893202edbda0d7e4,309806188325510521,FINISHED,file:///home/fischer/repos/ai-energy-validation/mlruns/309806188325510521/988fc6c870614682893202edbda0d7e4/artifacts,2026-05-13 00:21:10.899000+00:00,2026-05-13 00:23:37.457000+00:00,0.957747757434845,0.7780765295028687,36936.0,1.2413749457090375,28164.31476824664,0.9300951957702637,123.0,0.005438511134696657,0.005421368124118477,1.627997179125529,123.38894062399775,16,22688.0,16,10178374,Tensorflow 2.21.0,13th Gen Intel(R) Core(TM) i9-13900K,ImageNet (ILSVRC 2012),EfficientNetV2B2,Inference,PROJECT,https://github.com/raphischer/ai-energy-validation.git,fischer,main.py,local,file:///home/fischer/repos/ai-energy-validation#experiments/imagenet,abrasive-gnu-332,7e69f4af5b9b5ce6bd77fca6978f53af9fd3773f,conda
f1e622b0189346ad8b1b9a2fb1cdb5fd,309806188325510521,FINISHED,file:///home/fischer/repos/ai-energy-validation/mlruns/309806188325510521/f1e622b0189346ad8b1b9a2fb1cdb5fd/artifacts,2026-05-13 00:18:40.183000+00:00,2026-05-13 00:21:06.836000+00:00,1.030146598815918,0.760308563709259,36828.0,0.9646277986796067,28259.73599011776,0.9221736788749695,124.0,0.00420830930635571,0.004232659748771164,1.2570999453850356,123.2866294389969,16,29296.0,16,8212124,Tensorflow 2.21.0,13th Gen Intel(R) Core(TM) i9-13900K,ImageNet (ILSVRC 2012),EfficientNetV2B1,Inference,PROJECT,https://github.com/raphischer/ai-energy-validation.git,fischer,main.py,local,file:///home/fischer/repos/ai-energy-validation#experiments/imagenet,bedecked-flea-117,7e69f4af5b9b5ce6bd77fca6978f53af9fd3773f,conda
8e443b74776c4f788b904f569d8caaff,309806188325510521,FINISHED,file:///home/fischer/repos/ai-energy-validation/mlruns/309806188325510521/8e443b74776c4f788b904f569d8caaff/artifacts,2026-05-13 00:16:15.890000+00:00,2026-05-13 00:18:36.043000+00:00,1.1254637241363525,0.7385121583938599,33120.0,0.6421177734788532,25376.494407884282,0.9101720452308655,121.0,0.003051978798304793,0.003061740890688259,0.8380566801619433,120.61420210900542,16,39520.0,16,7200312,Tensorflow 2.21.0,13th Gen Intel(R) Core(TM) i9-13900K,ImageNet (ILSVRC 2012),EfficientNetV2B0,Inference,PROJECT,https://github.com/raphischer/ai-energy-validation.git,fischer,main.py,local,file:///home/fischer/repos/ai-energy-validation#experiments/imagenet,traveling-cod-998,7e69f4af5b9b5ce6bd77fca6978f53af9fd3773f,conda
dd5d908f912b4a2cbcdfeac84f734693,309806188325510521,FINISHED,file:///home/fischer/repos/ai-energy-validation/mlruns/309806188325510521/dd5d908f912b4a2cbcdfeac84f734693/artifacts,2026-05-13 00:13:30.629000+00:00,2026-05-13 00:16:11.782000+00:00,0.8573211431503296,0.825552225112915,35604.0,6.774835534387138,26990.944768998357,0.9600903391838074,122.0,0.030481666089358383,0.030622489959839357,8.936746987951807,121.4389577000038,16,3984.0,16,19466823,Tensorflow 2.21.0,13th Gen Intel(R) Core(TM) i9-13900K,ImageNet (ILSVRC 2012),EfficientNetB4,Inference,PROJECT,https://github.com/raphischer/ai-energy-validation.git,fischer,main.py,local,file:///home/fischer/repos/ai-energy-validation#experiments/imagenet,hilarious-rat-888,7e69f4af5b9b5ce6bd77fca6978f53af9fd3773f,conda
aa019df0c437465c8ad9d966c50a53ad,309806188325510521,FINISHED,file:///home/fischer/repos/ai-energy-validation/mlruns/309806188325510521/aa019df0c437465c8ad9d966c50a53ad/artifacts,2026-05-13 00:10:51.742000+00:00,2026-05-13 00:13:22.988000+00:00,0.8440460562705994,0.8101892471313477,36036.0,3.015031668056897,27400.60779930108,0.9496038556098938,121.0,0.013298207154489991,0.013314260563380281,3.9652288732394365,120.85410662000504,16,9088.0,16,12320535,Tensorflow 2.21.0,13th Gen Intel(R) Core(TM) i9-13900K,ImageNet (ILSVRC 2012),EfficientNetB3,Inference,PROJECT,https://github.com/raphischer/ai-energy-validation.git,fischer,main.py,local,file:///home/fischer/repos/ai-energy-validation#experiments/imagenet,bald-eel-204,7e69f4af5b9b5ce6bd77fca6978f53af9fd3773f,conda
7ed312142a7c44458e8cc114176a2975,309806188325510521,FINISHED,file:///home/fischer/repos/ai-energy-validation/mlruns/309806188325510521/7ed312142a7c44458e8cc114176a2975/artifacts,2026-05-13 00:08:18.449000+00:00,2026-05-13 00:10:47.909000+00:00,0.9911736845970154,0.7760231494903564,36936.0,1.5768560244878047,28358.17874438868,0.9323843121528625,122.0,0.006765113185275818,0.0067838078291814945,2.0538256227758005,121.6637955240003,16,17984.0,16,9177569,Tensorflow 2.21.0,13th Gen Intel(R) Core(TM) i9-13900K,ImageNet (ILSVRC 2012),EfficientNetB2,Inference,PROJECT,https://github.com/raphischer/ai-energy-validation.git,fischer,main.py,local,file:///home/fischer/repos/ai-energy-validation#experiments/imagenet,whimsical-hound-957,7e69f4af5b9b5ce6bd77fca6978f53af9fd3773f,conda
cb46133e84c44f0891a01050ca717e35,309806188325510521,FINISHED,file:///home/fischer/repos/ai-energy-validation/mlruns/309806188325510521/cb46133e84c44f0891a01050ca717e35/artifacts,2026-05-13 00:05:49.905000+00:00,2026-05-13 00:08:14.481000+00:00,1.267648696899414,0.7156468033790588,39528.0,0.8239679931325021,30269.2881957156,0.8948987126350403,128.0,0.0034683725919262063,0.003484320557491289,1.0760017421602788,127.41413553700112,16,36736.0,16,5330571,Tensorflow 2.21.0,13th Gen Intel(R) Core(TM) i9-13900K,ImageNet (ILSVRC 2012),EfficientNetB0,Inference,PROJECT,https://github.com/raphischer/ai-energy-validation.git,fischer,main.py,local,file:///home/fischer/repos/ai-energy-validation#experiments/imagenet,stately-wolf-687,7e69f4af5b9b5ce6bd77fca6978f53af9fd3773f,conda
bfd41aba5688462ead1f76fbdc799c73,309806188325510521,FINISHED,file:///home/fischer/repos/ai-energy-validation/mlruns/309806188325510521/bfd41aba5688462ead1f76fbdc799c73/artifacts,2026-05-13 00:03:32.808000+00:00,2026-05-13 00:05:45.863000+00:00,1.6610811948776245,0.6336636543273926,11376.0,0.1678693164661011,6336.05948069652,0.8391002416610718,114.0,0.003019485307174679,0.003020347604917338,0.301398897838067,113.96745343400109,16,37744.0,16,2554968,Tensorflow 2.21.0,13th Gen Intel(R) Core(TM) i9-13900K,ImageNet (ILSVRC 2012),MobileNetV3Small,Inference,PROJECT,https://github.com/raphischer/ai-energy-validation.git,fischer,main.py,local,file:///home/fischer/repos/ai-energy-validation#experiments/imagenet,grandiose-chimp-595,7e69f4af5b9b5ce6bd77fca6978f53af9fd3773f,conda
9bc281598562409d8d3be00971b6da86,309806188325510521,FINISHED,file:///home/fischer/repos/ai-energy-validation/mlruns/309806188325510521/9bc281598562409d8d3be00971b6da86/artifacts,2026-05-13 00:01:02.336000+00:00,2026-05-13 00:03:28.949000+00:00,1.278298020362854,0.712918221950531,12060.0,0.32095757108546097,6907.00692975912,0.8935873508453369,116.0,0.005367591381970457,0.005390334572490706,0.5604089219330854,115.51056654000422,16,21520.0,16,5507432,Tensorflow 2.21.0,13th Gen Intel(R) Core(TM) i9-13900K,ImageNet (ILSVRC 2012),MobileNetV3Large,Inference,PROJECT,https://github.com/raphischer/ai-energy-validation.git,fischer,main.py,local,file:///home/fischer/repos/ai-energy-validation#experiments/imagenet,adventurous-ray-554,7e69f4af5b9b5ce6bd77fca6978f53af9fd3773f,conda
7f21874d53974337a9002744df3f60e1,309806188325510521,FINISHED,file:///home/fischer/repos/ai-energy-validation/mlruns/309806188325510521/7f21874d53974337a9002744df3f60e1/artifacts,2026-05-12 23:58:39.995000+00:00,2026-05-13 00:00:58.199000+00:00,1.7879106998443604,0.6153204441070557,35244.0,0.5568892375507285,26695.04249123172,0.8264769911766052,119.0,0.002485969295456348,0.0024824766355140185,0.7352303070761015,119.16742414699549,16,47936.0,16,3538984,Tensorflow 2.21.0,13th Gen Intel(R) Core(TM) i9-13900K,ImageNet (ILSVRC 2012),MobileNetV2,Inference,PROJECT,https://github.com/raphischer/ai-energy-validation.git,fischer,main.py,local,file:///home/fischer/repos/ai-energy-validation#experiments/imagenet,marvelous-shad-709,7e69f4af5b9b5ce6bd77fca6978f53af9fd3773f,conda
4498390c4fb84527a567774bd90bdcfa,309806188325510521,FINISHED,file:///home/fischer/repos/ai-energy-validation/mlruns/309806188325510521/4498390c4fb84527a567774bd90bdcfa/artifacts,2026-05-12 23:56:18.531000+00:00,2026-05-12 23:58:36.252000+00:00,1.8112552165985107,0.6130249500274658,36108.0,0.49692633763799215,27263.3665881708,0.8229439854621887,121.0,0.0022133359983047877,0.002205453484981044,0.6581364829396326,121.43246621099388,16,54864.0,16,4253864,Tensorflow 2.21.0,13th Gen Intel(R) Core(TM) i9-13900K,ImageNet (ILSVRC 2012),MobileNet,Inference,PROJECT,https://github.com/raphischer/ai-energy-validation.git,fischer,main.py,local,file:///home/fischer/repos/ai-energy-validation#experiments/imagenet,skittish-gnat-576,7e69f4af5b9b5ce6bd77fca6978f53af9fd3773f,conda
9da554c743bf479ca6041e12b82df071,309806188325510521,FINISHED,file:///home/fischer/repos/ai-energy-validation/mlruns/309806188325510521/9da554c743bf479ca6041e12b82df071/artifacts,2026-05-12 23:53:42.705000+00:00,2026-05-12 23:56:14.861000+00:00,1.008797287940979,0.7698490619659424,34056.0,2.06471769998749,25173.03819824748,0.9299540519714355,121.0,0.009907948128116685,0.009924540682414698,2.793307086614173,120.79770357799862,16,12192.0,16,23851784,Tensorflow 2.21.0,13th Gen Intel(R) Core(TM) i9-13900K,ImageNet (ILSVRC 2012),InceptionV3,Inference,PROJECT,https://github.com/raphischer/ai-energy-validation.git,fischer,main.py,local,file:///home/fischer/repos/ai-energy-validation#experiments/imagenet,stylish-hare-52,7e69f4af5b9b5ce6bd77fca6978f53af9fd3773f,conda
34a7f4be9c704c79a8ee946e079ed31c,309806188325510521,FINISHED,file:///home/fischer/repos/ai-energy-validation/mlruns/309806188325510521/34a7f4be9c704c79a8ee946e079ed31c/artifacts,2026-05-12 23:50:56.566000+00:00,2026-05-12 23:53:38.916000+00:00,0.9223386645317078,0.7888888716697693,35424.0,5.25150359436,26467.5781155744,0.9406746029853821,122.0,0.024262509918056216,0.024206349206349207,7.0285714285714285,122.28304998700332,16,5040.0,16,55873736,Tensorflow 2.21.0,13th Gen Intel(R) Core(TM) i9-13900K,ImageNet (ILSVRC 2012),InceptionResNetV2,Inference,PROJECT,https://github.com/raphischer/ai-energy-validation.git,fischer,main.py,local,file:///home/fischer/repos/ai-energy-validation#experiments/imagenet,overjoyed-perch-734,7e69f4af5b9b5ce6bd77fca6978f53af9fd3773f,conda
c952cd0d2d8b4def914b0923eecc781c,309806188325510521,FINISHED,file:///home/fischer/repos/ai-energy-validation/mlruns/309806188325510521/c952cd0d2d8b4def914b0923eecc781c/artifacts,2026-05-12 23:48:10.315000+00:00,2026-05-12 23:50:52.737000+00:00,1.7689399719238281,0.6763677000999451,36396.0,4.3869651960723095,27585.237152902682,0.8684796690940857,123.0,0.019476154504135625,0.019561068702290078,5.788167938931298,122.4660595220048,16,6288.0,16,60380648,Tensorflow 2.21.0,13th Gen Intel(R) Core(TM) i9-13900K,ImageNet (ILSVRC 2012),ResNet152V2,Inference,PROJECT,https://github.com/raphischer/ai-energy-validation.git,fischer,main.py,local,file:///home/fischer/repos/ai-energy-validation#experiments/imagenet,magnificent-dog-158,7e69f4af5b9b5ce6bd77fca6978f53af9fd3773f,conda
a7b3ff2360ff4e85b8bd36ed8ccd89d7,309806188325510521,FINISHED,file:///home/fischer/repos/ai-energy-validation/mlruns/309806188325510521/a7b3ff2360ff4e85b8bd36ed8ccd89d7/artifacts,2026-05-12 23:45:31.915000+00:00,2026-05-12 23:48:05.984000+00:00,1.7438193559646606,0.6751301884651184,35856.0,2.9490876935197656,27178.79218347816,0.8745659589767456,121.0,0.013128088289604989,0.013129340277777778,3.890625,120.98846167699958,16,9216.0,16,44675560,Tensorflow 2.21.0,13th Gen Intel(R) Core(TM) i9-13900K,ImageNet (ILSVRC 2012),ResNet101V2,Inference,PROJECT,https://github.com/raphischer/ai-energy-validation.git,fischer,main.py,local,file:///home/fischer/repos/ai-energy-validation#experiments/imagenet,merciful-carp-297,7e69f4af5b9b5ce6bd77fca6978f53af9fd3773f,conda
b3ae3bd9a9b147e7978e5a1edab62df4,309806188325510521,FINISHED,file:///home/fischer/repos/ai-energy-validation/mlruns/309806188325510521/b3ae3bd9a9b147e7978e5a1edab62df4/artifacts,2026-05-12 23:43:00.457000+00:00,2026-05-12 23:45:28.006000+00:00,1.8038957118988037,0.6520642042160034,36756.0,1.5831502257305847,27610.139936741398,0.8556192517280579,124.0,0.007114584492890138,0.0071100917431192664,2.1075688073394496,124.078353556004,16,17440.0,16,25613800,Tensorflow 2.21.0,13th Gen Intel(R) Core(TM) i9-13900K,ImageNet (ILSVRC 2012),ResNet50V2,Inference,PROJECT,https://github.com/raphischer/ai-energy-validation.git,fischer,main.py,local,file:///home/fischer/repos/ai-energy-validation#experiments/imagenet,unique-lynx-423,7e69f4af5b9b5ce6bd77fca6978f53af9fd3773f,conda
054b7534cea94939821486e2cb491ed6,309806188325510521,FINISHED,file:///home/fischer/repos/ai-energy-validation/mlruns/309806188325510521/054b7534cea94939821486e2cb491ed6/artifacts,2026-05-12 23:40:19.992000+00:00,2026-05-12 23:42:56.442000+00:00,1.2221301794052124,0.7280997037887573,36756.0,4.658229597483983,27651.25089066492,0.900943398475647,123.0,0.020808395450134742,0.020721024258760108,6.192048517520216,123.51863539199984,16,5936.0,16,60419944,Tensorflow 2.21.0,13th Gen Intel(R) Core(TM) i9-13900K,ImageNet (ILSVRC 2012),ResNet152,Inference,PROJECT,https://github.com/raphischer/ai-energy-validation.git,fischer,main.py,local,file:///home/fischer/repos/ai-energy-validation#experiments/imagenet,salty-swan-820,7e69f4af5b9b5ce6bd77fca6978f53af9fd3773f,conda
8c5d3fbe45084e53b4f511d8ff8a6eea,309806188325510521,FINISHED,file:///home/fischer/repos/ai-energy-validation/mlruns/309806188325510521/8c5d3fbe45084e53b4f511d8ff8a6eea/artifacts,2026-05-12 23:37:40.773000+00:00,2026-05-12 23:40:16.176000+00:00,1.240942120552063,0.7199812531471252,36792.0,3.2416127669297277,27644.473676376718,0.8978658318519592,122.0,0.014386286219042917,0.014305816135084427,4.314258911819888,122.686248875998,16,8528.0,16,44707176,Tensorflow 2.21.0,13th Gen Intel(R) Core(TM) i9-13900K,ImageNet (ILSVRC 2012),ResNet101,Inference,PROJECT,https://github.com/raphischer/ai-energy-validation.git,fischer,main.py,local,file:///home/fischer/repos/ai-energy-validation#experiments/imagenet,funny-cub-17,7e69f4af5b9b5ce6bd77fca6978f53af9fd3773f,conda
81c3a3ccc1eb4733b6cf2592736be961,309806188325510521,FINISHED,file:///home/fischer/repos/ai-energy-validation/mlruns/309806188325510521/81c3a3ccc1eb4733b6cf2592736be961/artifacts,2026-05-12 23:35:09.757000+00:00,2026-05-12 23:37:36.983000+00:00,1.3391245603561401,0.6996339559555054,35928.0,1.8197927462732213,26845.582593022562,0.8843546509742737,122.0,0.008246459423874832,0.00827006507592191,2.435466377440347,121.65176942100152,16,14752.0,16,25636712,Tensorflow 2.21.0,13th Gen Intel(R) Core(TM) i9-13900K,ImageNet (ILSVRC 2012),ResNet50,Inference,PROJECT,https://github.com/raphischer/ai-energy-validation.git,fischer,main.py,local,file:///home/fischer/repos/ai-energy-validation#experiments/imagenet,peaceful-zebra-188,7e69f4af5b9b5ce6bd77fca6978f53af9fd3773f,conda
4c62e6261b6149e6b0af48ab0f7ce16c,309806188325510521,FINISHED,file:///home/fischer/repos/ai-energy-validation/mlruns/309806188325510521/4c62e6261b6149e6b0af48ab0f7ce16c/artifacts,2026-05-12 23:32:31.581000+00:00,2026-05-12 23:35:06.030000+00:00,1.146851897239685,0.7333999872207642,36792.0,2.80075171790484,28007.517179048402,0.9035000205039978,122.0,0.01214589599280007,0.0122,3.6792,121.4589599280007,16,10000.0,16,20242984,Tensorflow 2.21.0,13th Gen Intel(R) Core(TM) i9-13900K,ImageNet (ILSVRC 2012),DenseNet201,Inference,PROJECT,https://github.com/raphischer/ai-energy-validation.git,fischer,main.py,local,file:///home/fischer/repos/ai-energy-validation#experiments/imagenet,capricious-hound-726,7e69f4af5b9b5ce6bd77fca6978f53af9fd3773f,conda
ab5b2232a3ee48d99887469d404c2d93,309806188325510521,FINISHED,file:///home/fischer/repos/ai-energy-validation/mlruns/309806188325510521/ab5b2232a3ee48d99887469d404c2d93/artifacts,2026-05-12 23:29:59.810000+00:00,2026-05-12 23:32:27.807000+00:00,1.2983211278915405,0.6915789246559143,36180.0,1.8058214979983132,27448.48676957436,0.8826315999031067,121.0,0.00794970447953945,0.007960526315789473,2.3802631578947366,120.83550808899965,16,15200.0,16,8062504,Tensorflow 2.21.0,13th Gen Intel(R) Core(TM) i9-13900K,ImageNet (ILSVRC 2012),DenseNet121,Inference,PROJECT,https://github.com/raphischer/ai-energy-validation.git,fischer,main.py,local,file:///home/fischer/repos/ai-energy-validation#experiments/imagenet,bittersweet-cat-905,7e69f4af5b9b5ce6bd77fca6978f53af9fd3773f,conda
a7122f3091e54f969793e24fe705d3f3,309806188325510521,FINISHED,file:///home/fischer/repos/ai-energy-validation/mlruns/309806188325510521/a7122f3091e54f969793e24fe705d3f3/artifacts,2026-05-12 23:27:28.873000+00:00,2026-05-12 23:29:55.936000+00:00,0.986823558807373,0.7763659358024597,33048.0,7.718470576324422,24297.74537426928,0.9317026734352112,120.0,0.03799640508799275,0.03811944091486658,10.498094027954256,119.61268321700118,4,3148.0,4,28589128,Tensorflow 2.21.0,13th Gen Intel(R) Core(TM) i9-13900K,ImageNet (ILSVRC 2012),ConvNeXtTiny,Inference,PROJECT,https://github.com/raphischer/ai-energy-validation.git,fischer,main.py,local,file:///home/fischer/repos/ai-energy-validation#experiments/imagenet,enthused-cod-805,7e69f4af5b9b5ce6bd77fca6978f53af9fd3773f,conda
b57cf8e8d3014b7fb52a5611cc86caf8,309806188325510521,FINISHED,file:///home/fischer/repos/ai-energy-validation/mlruns/309806188325510521/b57cf8e8d3014b7fb52a5611cc86caf8/artifacts,2026-05-12 23:24:47.297000+00:00,2026-05-12 23:27:24.855000+00:00,0.8733828663825989,0.8022565245628357,32472.0,14.11510158487304,23769.8310689262,0.9471496343612671,122.0,0.07265684822387183,0.07244655581947744,19.282660332541568,122.35413240900016,4,1684.0,4,50223688,Tensorflow 2.21.0,13th Gen Intel(R) Core(TM) i9-13900K,ImageNet (ILSVRC 2012),ConvNeXtSmall,Inference,PROJECT,https://github.com/raphischer/ai-energy-validation.git,fischer,main.py,local,file:///home/fischer/repos/ai-energy-validation#experiments/imagenet,redolent-grub-44,7e69f4af5b9b5ce6bd77fca6978f53af9fd3773f,conda
297079c62ccf4a96b6fcf8e33182ca07,309806188325510521,FINISHED,file:///home/fischer/repos/ai-energy-validation/mlruns/309806188325510521/297079c62ccf4a96b6fcf8e33182ca07/artifacts,2026-05-12 23:22:01.153000+00:00,2026-05-12 23:24:43.272000+00:00,0.7315654158592224,0.8191964030265808,34344.0,18.990662715260893,25523.45068931064,0.961309552192688,123.0,0.09142025375223282,0.09151785714285714,25.553571428571427,122.86882104300092,4,1344.0,4,88591464,Tensorflow 2.21.0,13th Gen Intel(R) Core(TM) i9-13900K,ImageNet (ILSVRC 2012),ConvNeXtBase,Inference,PROJECT,https://github.com/raphischer/ai-energy-validation.git,fischer,main.py,local,file:///home/fischer/repos/ai-energy-validation#experiments/imagenet,sincere-slug-706,7e69f4af5b9b5ce6bd77fca6978f53af9fd3773f,conda
572894cb41da4d7e991a485452a0b9f4,309806188325510521,FINISHED,file:///home/fischer/repos/ai-energy-validation/mlruns/309806188325510521/572894cb41da4d7e991a485452a0b9f4/artifacts,2026-05-12 23:19:34.841000+00:00,2026-05-12 23:21:57.267000+00:00,1.437218189239502,0.6651735901832581,34092.0,7.058147561035599,25211.70308801916,0.8661814332008362,118.0,0.03305785669512819,0.03303471444568869,9.544232922732363,118.0826641149979,4,3572.0,4,143667240,Tensorflow 2.21.0,13th Gen Intel(R) Core(TM) i9-13900K,ImageNet (ILSVRC 2012),VGG19,Inference,PROJECT,https://github.com/raphischer/ai-energy-validation.git,fischer,main.py,local,file:///home/fischer/repos/ai-energy-validation#experiments/imagenet,skittish-sponge-588,7e69f4af5b9b5ce6bd77fca6978f53af9fd3773f,conda
76d9ae475d884e3c8a9a6b98defe1fbd,309806188325510521,FINISHED,file:///home/fischer/repos/ai-energy-validation/mlruns/309806188325510521/76d9ae475d884e3c8a9a6b98defe1fbd/artifacts,2026-05-12 23:17:02.163000+00:00,2026-05-12 23:19:31.254000+00:00,1.417249083518982,0.6693333387374878,35064.0,5.752388500135121,25885.74825060804,0.8646666407585144,121.0,0.026971616934888722,0.02688888888888889,7.792,121.37227620699925,4,4500.0,4,138357544,Tensorflow 2.21.0,13th Gen Intel(R) Core(TM) i9-13900K,ImageNet (ILSVRC 2012),VGG16,Inference,PROJECT,https://github.com/raphischer/ai-energy-validation.git,fischer,main.py,local,file:///home/fischer/repos/ai-energy-validation#experiments/imagenet,bedecked-rat-984,7e69f4af5b9b5ce6bd77fca6978f53af9fd3773f,conda
9be0436821704cabb4d676a71371332c,309806188325510521,FINISHED,file:///home/fischer/repos/ai-energy-validation/mlruns/309806188325510521/9be0436821704cabb4d676a71371332c/artifacts,2026-05-12 23:14:33.385000+00:00,2026-05-12 23:16:58.506000+00:00,0.9719433188438416,0.7814199328422546,37836.0,4.343416648581263,28753.41821360796,0.9351963996887207,122.0,0.018440802445468207,0.018429003021148038,5.715407854984894,122.07811218899953,4,6620.0,4,22910480,Tensorflow 2.21.0,13th Gen Intel(R) Core(TM) i9-13900K,ImageNet (ILSVRC 2012),Xception,Inference,PROJECT,https://github.com/raphischer/ai-energy-validation.git,fischer,main.py,local,file:///home/fischer/repos/ai-energy-validation#experiments/imagenet,crawling-cub-949,7e69f4af5b9b5ce6bd77fca6978f53af9fd3773f,conda
d1704211464a4b74842513e9ec900b4f,309806188325510521,FINISHED,file:///home/fischer/repos/ai-energy-validation/mlruns/309806188325510521/d1704211464a4b74842513e9ec900b4f/artifacts,2026-05-12 23:12:01.794000+00:00,2026-05-12 23:14:29.815000+00:00,1.320882797241211,0.7035680413246155,11808.0,0.7834725552328639,6631.31170749096,0.8829158544540405,121.0,0.01425712933542031,0.014295841209829867,1.3950850661625709,120.6723426949975,4,8464.0,4,5326716,Tensorflow 2.21.0,13th Gen Intel(R) Core(TM) i9-13900K,ImageNet (ILSVRC 2012),NASNetMobile,Inference,PROJECT,https://github.com/raphischer/ai-energy-validation.git,fischer,main.py,local,file:///home/fischer/repos/ai-energy-validation#experiments/imagenet,exultant-chimp-640,7e69f4af5b9b5ce6bd77fca6978f53af9fd3773f,conda
4500358035564c3b9a15573a82922013,309806188325510521,FINISHED,file:///home/fischer/repos/ai-energy-validation/mlruns/309806188325510521/4500358035564c3b9a15573a82922013/artifacts,2026-05-12 23:09:28.070000+00:00,2026-05-12 23:11:57.785000+00:00,0.7210750579833984,0.8331435322761536,39420.0,5.773030480843804,30412.32457308516,0.964123010635376,125.0,0.023632796954631625,0.02372817008352316,7.482915717539863,124.4975743569994,4,5268.0,4,21612360,Tensorflow 2.21.0,13th Gen Intel(R) Core(TM) i9-13900K,ImageNet (ILSVRC 2012),EfficientNetV2S,Inference,PROJECT,https://github.com/raphischer/ai-energy-validation.git,fischer,main.py,local,file:///home/fischer/repos/ai-energy-validation#experiments/imagenet,serious-ape-997,7e69f4af5b9b5ce6bd77fca6978f53af9fd3773f,conda
9984dd9584c641349dbbabb3687562ac,309806188325510521,FINISHED,file:///home/fischer/repos/ai-energy-validation/mlruns/309806188325510521/9984dd9584c641349dbbabb3687562ac/artifacts,2026-05-12 23:06:57.040000+00:00,2026-05-12 23:09:24.387000+00:00,0.8505046963691711,0.800000011920929,12204.0,1.9387984562443463,7173.554288104081,0.9451351165771484,116.0,0.031117132949458778,0.03135135135135135,3.2983783783783784,115.13339191299748,4,3700.0,4,14467622,Tensorflow 2.21.0,13th Gen Intel(R) Core(TM) i9-13900K,ImageNet (ILSVRC 2012),EfficientNetV2B3,Inference,PROJECT,https://github.com/raphischer/ai-energy-validation.git,fischer,main.py,local,file:///home/fischer/repos/ai-energy-validation#experiments/imagenet,marvelous-lark-377,7e69f4af5b9b5ce6bd77fca6978f53af9fd3773f,conda
2ac7c06d60a048bd964a69666245b3c0,309806188325510521,FINISHED,file:///home/fischer/repos/ai-energy-validation/mlruns/309806188325510521/2ac7c06d60a048bd964a69666245b3c0/artifacts,2026-05-12 23:04:17.119000+00:00,2026-05-12 23:06:53.187000+00:00,0.9675210118293762,0.7773327231407166,11340.0,1.4672811426704617,6227.1411694934395,0.9274269342422485,119.0,0.028085670506832656,0.028039585296889727,2.6720075400565504,119.1955856309978,4,4244.0,4,10178374,Tensorflow 2.21.0,13th Gen Intel(R) Core(TM) i9-13900K,ImageNet (ILSVRC 2012),EfficientNetV2B2,Inference,PROJECT,https://github.com/raphischer/ai-energy-validation.git,fischer,main.py,local,file:///home/fischer/repos/ai-energy-validation#experiments/imagenet,efficient-croc-331,7e69f4af5b9b5ce6bd77fca6978f53af9fd3773f,conda
6771aee4b0ef40288d28de2274867177,309806188325510521,FINISHED,file:///home/fischer/repos/ai-energy-validation/mlruns/309806188325510521/6771aee4b0ef40288d28de2274867177/artifacts,2026-05-12 23:01:42.863000+00:00,2026-05-12 23:04:13.619000+00:00,1.0326483249664307,0.7576785683631897,11376.0,1.127668991509093,6314.94635245092,0.9232142567634583,120.0,0.021389513902143206,0.02142857142857143,2.0314285714285716,119.78127785200196,4,5600.0,4,8212124,Tensorflow 2.21.0,13th Gen Intel(R) Core(TM) i9-13900K,ImageNet (ILSVRC 2012),EfficientNetV2B1,Inference,PROJECT,https://github.com/raphischer/ai-energy-validation.git,fischer,main.py,local,file:///home/fischer/repos/ai-energy-validation#experiments/imagenet,upset-pug-732,7e69f4af5b9b5ce6bd77fca6978f53af9fd3773f,conda
ef47809b0a5948059be2982cb559fa17,309806188325510521,FINISHED,file:///home/fischer/repos/ai-energy-validation/mlruns/309806188325510521/ef47809b0a5948059be2982cb559fa17/artifacts,2026-05-12 22:59:13.155000+00:00,2026-05-12 23:01:39.395000+00:00,1.1360671520233154,0.7421215772628784,11016.0,0.8458430857385876,6012.25265342988,0.9058806896209717,119.0,0.01662605272341016,0.01674169949352842,1.5498030388294879,118.17798275799942,4,7108.0,4,7200312,Tensorflow 2.21.0,13th Gen Intel(R) Core(TM) i9-13900K,ImageNet (ILSVRC 2012),EfficientNetV2B0,Inference,PROJECT,https://github.com/raphischer/ai-energy-validation.git,fischer,main.py,local,file:///home/fischer/repos/ai-energy-validation#experiments/imagenet,crawling-ram-897,7e69f4af5b9b5ce6bd77fca6978f53af9fd3773f,conda
3494af4b06234f4d81f8b44bc2a39865,309806188325510521,FINISHED,file:///home/fischer/repos/ai-energy-validation/mlruns/309806188325510521/3494af4b06234f4d81f8b44bc2a39865/artifacts,2026-05-12 22:56:43.719000+00:00,2026-05-12 22:59:09.301000+00:00,0.8603197336196899,0.8248811364173889,39312.0,6.0195078739371395,30386.47574763468,0.958993673324585,122.0,0.024176490424722887,0.02416798732171157,7.787638668779715,122.04292366400114,4,5048.0,4,19466823,Tensorflow 2.21.0,13th Gen Intel(R) Core(TM) i9-13900K,ImageNet (ILSVRC 2012),EfficientNetB4,Inference,PROJECT,https://github.com/raphischer/ai-energy-validation.git,fischer,main.py,local,file:///home/fischer/repos/ai-energy-validation#experiments/imagenet,unleashed-squid-92,7e69f4af5b9b5ce6bd77fca6978f53af9fd3773f,conda
dabbabb360f642e0b72e98d50883e92a,309806188325510521,FINISHED,file:///home/fischer/repos/ai-energy-validation/mlruns/309806188325510521/dabbabb360f642e0b72e98d50883e92a/artifacts,2026-05-12 22:53:59.294000+00:00,2026-05-12 22:56:40.223000+00:00,0.8986310958862305,0.80143803358078,12924.0,2.0454884567650553,7396.48625966244,0.9413716793060303,124.0,0.034270022953263174,0.034292035398230086,3.5741150442477876,123.92040299899963,4,3616.0,4,12320535,Tensorflow 2.21.0,13th Gen Intel(R) Core(TM) i9-13900K,ImageNet (ILSVRC 2012),EfficientNetB3,Inference,PROJECT,https://github.com/raphischer/ai-energy-validation.git,fischer,main.py,local,file:///home/fischer/repos/ai-energy-validation#experiments/imagenet,placid-frog-152,7e69f4af5b9b5ce6bd77fca6978f53af9fd3773f,conda
268192266a2d47edad7bc8cdf9787de4,309806188325510521,FINISHED,file:///home/fischer/repos/ai-energy-validation/mlruns/309806188325510521/268192266a2d47edad7bc8cdf9787de4/artifacts,2026-05-12 22:51:18.971000+00:00,2026-05-12 22:53:55.756000+00:00,1.0077871084213257,0.7762376070022583,11268.0,1.5156613188390298,6123.27172810968,0.9319307208061218,120.0,0.029656175762871086,0.0297029702970297,2.789108910891089,119.81095008199918,4,4040.0,4,9177569,Tensorflow 2.21.0,13th Gen Intel(R) Core(TM) i9-13900K,ImageNet (ILSVRC 2012),EfficientNetB2,Inference,PROJECT,https://github.com/raphischer/ai-energy-validation.git,fischer,main.py,local,file:///home/fischer/repos/ai-energy-validation#experiments/imagenet,luminous-asp-317,7e69f4af5b9b5ce6bd77fca6978f53af9fd3773f,conda
aa3d678be70b4b2e962852f1437f81b7,309806188325510521,FINISHED,file:///home/fischer/repos/ai-energy-validation/mlruns/309806188325510521/aa3d678be70b4b2e962852f1437f81b7/artifacts,2026-05-12 22:48:50.083000+00:00,2026-05-12 22:51:15.135000+00:00,1.2623895406723022,0.7185970544815063,11052.0,0.8168211892272919,6008.536667955959,0.8957313895225525,118.0,0.016147923771478983,0.016041326808047852,1.502446982055465,118.7841272629994,4,7356.0,4,5330571,Tensorflow 2.21.0,13th Gen Intel(R) Core(TM) i9-13900K,ImageNet (ILSVRC 2012),EfficientNetB0,Inference,PROJECT,https://github.com/raphischer/ai-energy-validation.git,fischer,main.py,local,file:///home/fischer/repos/ai-energy-validation#experiments/imagenet,unruly-carp-41,7e69f4af5b9b5ce6bd77fca6978f53af9fd3773f,conda
081e272b76cc41f1b780666a5c193cf6,309806188325510521,FINISHED,file:///home/fischer/repos/ai-energy-validation/mlruns/309806188325510521/081e272b76cc41f1b780666a5c193cf6/artifacts,2026-05-12 22:46:31.579000+00:00,2026-05-12 22:48:46.643000+00:00,1.655332088470459,0.6387718915939331,10116.0,0.4318932238531594,5331.2899552434,0.838545024394989,115.0,0.009305981078904776,0.009316267012313674,0.8195074530136098,114.87303043800055,4,12344.0,4,2554968,Tensorflow 2.21.0,13th Gen Intel(R) Core(TM) i9-13900K,ImageNet (ILSVRC 2012),MobileNetV3Small,Inference,PROJECT,https://github.com/raphischer/ai-energy-validation.git,fischer,main.py,local,file:///home/fischer/repos/ai-energy-validation#experiments/imagenet,gregarious-swan-501,7e69f4af5b9b5ce6bd77fca6978f53af9fd3773f,conda
24389aab0f2b436e983486e1c00fb3d8,309806188325510521,FINISHED,file:///home/fischer/repos/ai-energy-validation/mlruns/309806188325510521/24389aab0f2b436e983486e1c00fb3d8/artifacts,2026-05-12 22:44:07.505000+00:00,2026-05-12 22:46:27.970000+00:00,1.2827599048614502,0.71517413854599,10260.0,0.6734856533407612,5414.82465285972,0.8946517705917358,114.0,0.014262075170149298,0.014179104477611941,1.2761194029850746,114.66708436800036,4,8040.0,4,5507432,Tensorflow 2.21.0,13th Gen Intel(R) Core(TM) i9-13900K,ImageNet (ILSVRC 2012),MobileNetV3Large,Inference,PROJECT,https://github.com/raphischer/ai-energy-validation.git,fischer,main.py,local,file:///home/fischer/repos/ai-energy-validation#experiments/imagenet,charming-moth-106,7e69f4af5b9b5ce6bd77fca6978f53af9fd3773f,conda
73dad8725aa64deea28e02106adb492d,309806188325510521,FINISHED,file:///home/fischer/repos/ai-energy-validation/mlruns/309806188325510521/73dad8725aa64deea28e02106adb492d/artifacts,2026-05-12 22:41:47.135000+00:00,2026-05-12 22:44:03.990000+00:00,1.7556451559066772,0.6237557530403137,10728.0,0.5543451557935567,5791.79818773108,0.8282924890518188,115.0,0.0110763686521819,0.011006891271056661,1.0267993874425727,115.7258996779965,4,10448.0,4,3538984,Tensorflow 2.21.0,13th Gen Intel(R) Core(TM) i9-13900K,ImageNet (ILSVRC 2012),MobileNetV2,Inference,PROJECT,https://github.com/raphischer/ai-energy-validation.git,fischer,main.py,local,file:///home/fischer/repos/ai-energy-validation#experiments/imagenet,aged-bird-391,7e69f4af5b9b5ce6bd77fca6978f53af9fd3773f,conda
f4de9b61cedd44619d4de69232b98283,309806188325510521,FINISHED,file:///home/fischer/repos/ai-energy-validation/mlruns/309806188325510521/f4de9b61cedd44619d4de69232b98283/artifacts,2026-05-12 22:39:27.474000+00:00,2026-05-12 22:41:43.692000+00:00,1.8174443244934082,0.6129664182662964,11448.0,0.4982902863140546,6356.19089222208,0.8226717114448547,118.0,0.009246808250391987,0.0092505487613672,0.8974600188146754,117.9522860420002,4,12756.0,4,4253864,Tensorflow 2.21.0,13th Gen Intel(R) Core(TM) i9-13900K,ImageNet (ILSVRC 2012),MobileNet,Inference,PROJECT,https://github.com/raphischer/ai-energy-validation.git,fischer,main.py,local,file:///home/fischer/repos/ai-energy-validation#experiments/imagenet,fun-koi-515,7e69f4af5b9b5ce6bd77fca6978f53af9fd3773f,conda
dcdb1913a30b40f49e7152a92b6ccf9c,309806188325510521,FINISHED,file:///home/fischer/repos/ai-energy-validation/mlruns/309806188325510521/dcdb1913a30b40f49e7152a92b6ccf9c/artifacts,2026-05-12 22:36:59.601000+00:00,2026-05-12 22:39:23.883000+00:00,1.0087815523147583,0.7702820301055908,36072.0,2.357445699405407,27082.33619476932,0.929665744304657,124.0,0.01080220981189048,0.010793871866295265,3.1399721448467965,124.09578631899784,4,11488.0,4,23851784,Tensorflow 2.21.0,13th Gen Intel(R) Core(TM) i9-13900K,ImageNet (ILSVRC 2012),InceptionV3,Inference,PROJECT,https://github.com/raphischer/ai-energy-validation.git,fischer,main.py,local,file:///home/fischer/repos/ai-energy-validation#experiments/imagenet,capable-crab-556,7e69f4af5b9b5ce6bd77fca6978f53af9fd3773f,conda
c8f0cba664f0444883994189b12eee40,309806188325510521,FINISHED,file:///home/fischer/repos/ai-energy-validation/mlruns/309806188325510521/c8f0cba664f0444883994189b12eee40/artifacts,2026-05-12 22:34:25.629000+00:00,2026-05-12 22:36:56.161000+00:00,0.9289679527282715,0.7878378629684448,36144.0,6.180305660704541,27440.55713352816,0.9398648738861084,123.0,0.02768045822882856,0.027702702702702704,8.14054054054054,122.9012345359988,4,4440.0,4,55873736,Tensorflow 2.21.0,13th Gen Intel(R) Core(TM) i9-13900K,ImageNet (ILSVRC 2012),InceptionResNetV2,Inference,PROJECT,https://github.com/raphischer/ai-energy-validation.git,fischer,main.py,local,file:///home/fischer/repos/ai-energy-validation#experiments/imagenet,big-tern-312,7e69f4af5b9b5ce6bd77fca6978f53af9fd3773f,conda
01e6feb45be14ef0a9f44b0cafe9407f,309806188325510521,FINISHED,file:///home/fischer/repos/ai-energy-validation/mlruns/309806188325510521/01e6feb45be14ef0a9f44b0cafe9407f/artifacts,2026-05-12 22:31:55.709000+00:00,2026-05-12 22:34:22.119000+00:00,1.7506695985794067,0.6770259737968445,37008.0,5.568615629112392,28310.8418584074,0.8715578317642212,122.0,0.024009873495475887,0.023996852871754525,7.279307631785995,122.0661968509994,4,5084.0,4,60380648,Tensorflow 2.21.0,13th Gen Intel(R) Core(TM) i9-13900K,ImageNet (ILSVRC 2012),ResNet152V2,Inference,PROJECT,https://github.com/raphischer/ai-energy-validation.git,fischer,main.py,local,file:///home/fischer/repos/ai-energy-validation#experiments/imagenet,silent-wren-41,7e69f4af5b9b5ce6bd77fca6978f53af9fd3773f,conda
93cda6747b484a299ae32dc5afb6dc1a,309806188325510521,FINISHED,file:///home/fischer/repos/ai-energy-validation/mlruns/309806188325510521/93cda6747b484a299ae32dc5afb6dc1a/artifacts,2026-05-12 22:29:29.418000+00:00,2026-05-12 22:31:52.196000+00:00,1.7847169637680054,0.6700573563575745,37620.0,3.777047120123709,28962.3973171086,0.8699791431427002,123.0,0.01608741752686457,0.016040688575899843,4.906103286384977,123.3583175959975,4,7668.0,4,44675560,Tensorflow 2.21.0,13th Gen Intel(R) Core(TM) i9-13900K,ImageNet (ILSVRC 2012),ResNet101V2,Inference,PROJECT,https://github.com/raphischer/ai-energy-validation.git,fischer,main.py,local,file:///home/fischer/repos/ai-energy-validation#experiments/imagenet,kindly-grouse-622,7e69f4af5b9b5ce6bd77fca6978f53af9fd3773f,conda
636734f035ee4ed2afa672a412616c01,309806188325510521,FINISHED,file:///home/fischer/repos/ai-energy-validation/mlruns/309806188325510521/636734f035ee4ed2afa672a412616c01/artifacts,2026-05-12 22:27:12.065000+00:00,2026-05-12 22:29:26.014000+00:00,1.7839457988739014,0.6538404226303101,34020.0,1.930990699017893,25844.37951565548,0.8569186925888062,116.0,0.008717127608114035,0.008667065152420802,2.5418410041841004,116.67003590699824,4,13384.0,4,25613800,Tensorflow 2.21.0,13th Gen Intel(R) Core(TM) i9-13900K,ImageNet (ILSVRC 2012),ResNet50V2,Inference,PROJECT,https://github.com/raphischer/ai-energy-validation.git,fischer,main.py,local,file:///home/fischer/repos/ai-energy-validation#experiments/imagenet,mysterious-moose-30,7e69f4af5b9b5ce6bd77fca6978f53af9fd3773f,conda
28b4e70e191c4c2383da024d8575673a,309806188325510521,FINISHED,file:///home/fischer/repos/ai-energy-validation/mlruns/309806188325510521/28b4e70e191c4c2383da024d8575673a/artifacts,2026-05-12 22:24:39.668000+00:00,2026-05-12 22:27:08.614000+00:00,1.2302523851394653,0.725896418094635,38232.0,5.85167235351985,29375.395214669643,0.9001991748809814,125.0,0.024938828800995506,0.0249003984063745,7.615936254980079,125.19292058099744,4,5020.0,4,60419944,Tensorflow 2.21.0,13th Gen Intel(R) Core(TM) i9-13900K,ImageNet (ILSVRC 2012),ResNet152,Inference,PROJECT,https://github.com/raphischer/ai-energy-validation.git,fischer,main.py,local,file:///home/fischer/repos/ai-energy-validation#experiments/imagenet,whimsical-duck-271,7e69f4af5b9b5ce6bd77fca6978f53af9fd3773f,conda
7223a097bb4f4938ab45862d1d0d8434,309806188325510521,FINISHED,file:///home/fischer/repos/ai-energy-validation/mlruns/309806188325510521/7223a097bb4f4938ab45862d1d0d8434/artifacts,2026-05-12 22:22:10.962000+00:00,2026-05-12 22:24:36.297000+00:00,1.2763574123382568,0.7161415219306946,37404.0,3.9803366755389056,28801.716184199522,0.8946931958198547,122.0,0.016848978591763354,0.016860143725815367,5.169154228855722,121.91920908999964,4,7236.0,4,44707176,Tensorflow 2.21.0,13th Gen Intel(R) Core(TM) i9-13900K,ImageNet (ILSVRC 2012),ResNet101,Inference,PROJECT,https://github.com/raphischer/ai-energy-validation.git,fischer,main.py,local,file:///home/fischer/repos/ai-energy-validation#experiments/imagenet,indecisive-zebra-989,7e69f4af5b9b5ce6bd77fca6978f53af9fd3773f,conda
f83234d31c03489fbd4fb5b1523f6538,309806188325510521,FINISHED,file:///home/fischer/repos/ai-energy-validation/mlruns/309806188325510521/f83234d31c03489fbd4fb5b1523f6538/artifacts,2026-05-12 22:19:44.934000+00:00,2026-05-12 22:22:07.575000+00:00,1.3327231407165527,0.7006500959396362,38412.0,2.179996612706782,29508.434149599,0.8850472569465637,124.0,0.009185239348699836,0.009160756501182032,2.8377659574468086,124.33139982400098,4,13536.0,4,25636712,Tensorflow 2.21.0,13th Gen Intel(R) Core(TM) i9-13900K,ImageNet (ILSVRC 2012),ResNet50,Inference,PROJECT,https://github.com/raphischer/ai-energy-validation.git,fischer,main.py,local,file:///home/fischer/repos/ai-energy-validation#experiments/imagenet,defiant-trout-0,7e69f4af5b9b5ce6bd77fca6978f53af9fd3773f,conda
6cbb4ec7491d4d05974eab608483cab9,309806188325510521,FINISHED,file:///home/fischer/repos/ai-energy-validation/mlruns/309806188325510521/6cbb4ec7491d4d05974eab608483cab9/artifacts,2026-05-12 22:17:11.334000+00:00,2026-05-12 22:19:41.247000+00:00,1.1851551532745361,0.7280534505844116,14112.0,2.780523138783664,8741.96474833584,0.9013994932174683,114.0,0.036538273719783895,0.03625954198473282,4.488549618320611,114.87633257500056,4,3144.0,4,20242984,Tensorflow 2.21.0,13th Gen Intel(R) Core(TM) i9-13900K,ImageNet (ILSVRC 2012),DenseNet201,Inference,PROJECT,https://github.com/raphischer/ai-energy-validation.git,fischer,main.py,local,file:///home/fischer/repos/ai-energy-validation#experiments/imagenet,bittersweet-pig-957,7e69f4af5b9b5ce6bd77fca6978f53af9fd3773f,conda
007a68f9e0f24a58ac67991bacdde417,309806188325510521,FINISHED,file:///home/fischer/repos/ai-energy-validation/mlruns/309806188325510521/007a68f9e0f24a58ac67991bacdde417/artifacts,2026-05-12 22:14:39.695000+00:00,2026-05-12 22:17:07.817000+00:00,1.2883155345916748,0.6949084997177124,13968.0,1.6933475814775418,8514.15163966908,0.8842481970787048,120.0,0.02383157812251397,0.02386634844868735,2.7780429594272076,119.82517480000024,4,5028.0,4,8062504,Tensorflow 2.21.0,13th Gen Intel(R) Core(TM) i9-13900K,ImageNet (ILSVRC 2012),DenseNet121,Inference,PROJECT,https://github.com/raphischer/ai-energy-validation.git,fischer,main.py,local,file:///home/fischer/repos/ai-energy-validation#experiments/imagenet,magnificent-mule-603,7e69f4af5b9b5ce6bd77fca6978f53af9fd3773f,conda
752a85eb1f8747e5a4b51f799c223718,309806188325510521,FINISHED,file:///home/fischer/repos/ai-energy-validation/mlruns/309806188325510521/752a85eb1f8747e5a4b51f799c223718/artifacts,2026-05-12 22:12:15.721000+00:00,2026-05-12 22:14:36.102000+00:00,0.9947510957717896,0.7766668200492859,43128.0,0.1776092598145499,34567.02458214696,0.9319868087768555,121.0,0.0006213869550877658,0.0006217116080236764,0.2215965143045051,120.93681474700134,16,194624.0,16,28589128,Tensorflow 2.21.0,NVIDIA GeForce RTX 4090,ImageNet (ILSVRC 2012),ConvNeXtTiny,Inference,PROJECT,https://github.com/raphischer/ai-energy-validation.git,fischer,main.py,local,file:///home/fischer/repos/ai-energy-validation#experiments/imagenet,trusting-deer-271,7e69f4af5b9b5ce6bd77fca6978f53af9fd3773f,conda
81f9b9231e31447f82dc6f4248d90e35,309806188325510521,FINISHED,file:///home/fischer/repos/ai-energy-validation/mlruns/309806188325510521/81f9b9231e31447f82dc6f4248d90e35/artifacts,2026-05-12 22:09:43.448000+00:00,2026-05-12 22:12:12.098000+00:00,0.9037251472473145,0.7918291687965393,41328.0,0.2933100471439555,33090.06627859248,0.9395210146903992,125.0,0.001107488364620283,0.0011079988654091619,0.36633101687703873,124.94240734300185,16,112816.0,16,50223688,Tensorflow 2.21.0,NVIDIA GeForce RTX 4090,ImageNet (ILSVRC 2012),ConvNeXtSmall,Inference,PROJECT,https://github.com/raphischer/ai-energy-validation.git,fischer,main.py,local,file:///home/fischer/repos/ai-energy-validation#experiments/imagenet,debonair-trout-53,7e69f4af5b9b5ce6bd77fca6978f53af9fd3773f,conda
57b223325e90431cb252c7925c952f2f,309806188325510521,FINISHED,file:///home/fischer/repos/ai-energy-validation/mlruns/309806188325510521/57b223325e90431cb252c7925c952f2f/artifacts,2026-05-12 22:07:13.375000+00:00,2026-05-12 22:09:40.124000+00:00,0.7354340553283691,0.8198466897010803,41652.0,0.39737321389272146,33589.16302392396,0.9577536582946777,120.0,0.0014297007267059427,0.0014196479273140261,0.4927597955706985,120.84974302699992,16,84528.0,16,88591464,Tensorflow 2.21.0,NVIDIA GeForce RTX 4090,ImageNet (ILSVRC 2012),ConvNeXtBase,Inference,PROJECT,https://github.com/raphischer/ai-energy-validation.git,fischer,main.py,local,file:///home/fischer/repos/ai-energy-validation#experiments/imagenet,capable-cat-284,7e69f4af5b9b5ce6bd77fca6978f53af9fd3773f,conda
83c4741f6c66465999e6375417230a99,309806188325510521,FINISHED,file:///home/fischer/repos/ai-energy-validation/mlruns/309806188325510521/83c4741f6c66465999e6375417230a99/artifacts,2026-05-12 22:04:45.941000+00:00,2026-05-12 22:07:10.058000+00:00,1.4182616472244263,0.6674854755401611,53496.0,0.35779852635716175,43405.254829440004,0.8653389811515808,122.0,0.0010092864180460447,0.0010056713268266947,0.4409786336059087,122.43855394600178,16,121312.0,16,143667240,Tensorflow 2.21.0,NVIDIA GeForce RTX 4090,ImageNet (ILSVRC 2012),VGG19,Inference,PROJECT,https://github.com/raphischer/ai-energy-validation.git,fischer,main.py,local,file:///home/fischer/repos/ai-energy-validation#experiments/imagenet,judicious-dove-178,7e69f4af5b9b5ce6bd77fca6978f53af9fd3773f,conda
b38551da21554a11882b842e270404f8,309806188325510521,FINISHED,file:///home/fischer/repos/ai-energy-validation/mlruns/309806188325510521/b38551da21554a11882b842e270404f8/artifacts,2026-05-12 22:02:21.136000+00:00,2026-05-12 22:04:42.651000+00:00,1.4133278131484985,0.670171320438385,53820.0,0.30194370776970436,43996.82154653916,0.8666547536849976,121.0,0.0008278533978738965,0.0008304051828263972,0.369358735038981,120.6281743110012,16,145712.0,16,138357544,Tensorflow 2.21.0,NVIDIA GeForce RTX 4090,ImageNet (ILSVRC 2012),VGG16,Inference,PROJECT,https://github.com/raphischer/ai-energy-validation.git,fischer,main.py,local,file:///home/fischer/repos/ai-energy-validation#experiments/imagenet,puzzled-gnu-569,7e69f4af5b9b5ce6bd77fca6978f53af9fd3773f,conda
075a961ca1f24bcd8247846bb3639be5,309806188325510521,FINISHED,file:///home/fischer/repos/ai-energy-validation/mlruns/309806188325510521/075a961ca1f24bcd8247846bb3639be5/artifacts,2026-05-12 21:59:57.445000+00:00,2026-05-12 22:02:17.474000+00:00,0.9741837978363037,0.7777543067932129,41832.0,0.31040062366304866,33786.48708447552,0.9353594183921814,120.0,0.00110048451797921,0.0011024547993532265,0.38431574305453475,119.78553881300104,16,108848.0,16,22910480,Tensorflow 2.21.0,NVIDIA GeForce RTX 4090,ImageNet (ILSVRC 2012),Xception,Inference,PROJECT,https://github.com/raphischer/ai-energy-validation.git,fischer,main.py,local,file:///home/fischer/repos/ai-energy-validation#experiments/imagenet,monumental-midge-92,7e69f4af5b9b5ce6bd77fca6978f53af9fd3773f,conda
d03f7bc1f16f4f2fbf0a6206d048fae6,309806188325510521,FINISHED,file:///home/fischer/repos/ai-energy-validation/mlruns/309806188325510521/d03f7bc1f16f4f2fbf0a6206d048fae6/artifacts,2026-05-12 21:56:53.369000+00:00,2026-05-12 21:59:54.085000+00:00,1.3484042882919312,0.6958329677581787,29304.0,0.1278048849450776,21732.965075140557,0.8811982274055481,157.0,0.0009224034326837129,0.0009232687241249529,0.17232781332329694,156.852858921,16,170048.0,16,5326716,Tensorflow 2.21.0,NVIDIA GeForce RTX 4090,ImageNet (ILSVRC 2012),NASNetMobile,Inference,PROJECT,https://github.com/raphischer/ai-energy-validation.git,fischer,main.py,local,file:///home/fischer/repos/ai-energy-validation#experiments/imagenet,mercurial-frog-312,7e69f4af5b9b5ce6bd77fca6978f53af9fd3773f,conda
1abeca6df8104c48999c33f4234df8bd,309806188325510521,FINISHED,file:///home/fischer/repos/ai-energy-validation/mlruns/309806188325510521/1abeca6df8104c48999c33f4234df8bd/artifacts,2026-05-12 21:54:23.347000+00:00,2026-05-12 21:56:50.120000+00:00,0.7195211052894592,0.8314712047576904,37260.0,0.3383358187458546,29676.1113338364,0.9632889628410339,121.0,0.0013846258909270945,0.0013795147756293323,0.424799343305363,121.44830614499732,16,87712.0,16,21612360,Tensorflow 2.21.0,NVIDIA GeForce RTX 4090,ImageNet (ILSVRC 2012),EfficientNetV2S,Inference,PROJECT,https://github.com/raphischer/ai-energy-validation.git,fischer,main.py,local,file:///home/fischer/repos/ai-energy-validation#experiments/imagenet,big-bear-391,7e69f4af5b9b5ce6bd77fca6978f53af9fd3773f,conda
f9cb1d4e100f4c948200f75f9b3ea9c8,309806188325510521,FINISHED,file:///home/fischer/repos/ai-energy-validation/mlruns/309806188325510521/f9cb1d4e100f4c948200f75f9b3ea9c8/artifacts,2026-05-12 21:51:53.506000+00:00,2026-05-12 21:54:19.766000+00:00,0.8307220339775085,0.8044442534446716,34668.0,0.18576234203188766,27302.60598247872,0.9486786723136902,123.0,0.0008372784179662083,0.0008368713259307642,0.23587524493794906,123.05983275900144,16,146976.0,16,14467622,Tensorflow 2.21.0,NVIDIA GeForce RTX 4090,ImageNet (ILSVRC 2012),EfficientNetV2B3,Inference,PROJECT,https://github.com/raphischer/ai-energy-validation.git,fischer,main.py,local,file:///home/fischer/repos/ai-energy-validation#experiments/imagenet,crawling-worm-16,7e69f4af5b9b5ce6bd77fca6978f53af9fd3773f,conda
5a4d2731a2d74cd4ad6cff538355c410,309806188325510521,FINISHED,file:///home/fischer/repos/ai-energy-validation/mlruns/309806188325510521/5a4d2731a2d74cd4ad6cff538355c410/artifacts,2026-05-12 21:49:07.283000+00:00,2026-05-12 21:51:50.142000+00:00,0.9692885279655457,0.7740395069122314,37764.0,0.1361048818228736,29389.94376130404,0.9299699664115906,142.0,0.0006614716365126669,0.000657602252519265,0.17488515115589803,142.83553930199923,16,215936.0,16,10178374,Tensorflow 2.21.0,NVIDIA GeForce RTX 4090,ImageNet (ILSVRC 2012),EfficientNetV2B2,Inference,PROJECT,https://github.com/raphischer/ai-energy-validation.git,fischer,main.py,local,file:///home/fischer/repos/ai-energy-validation#experiments/imagenet,sneaky-hare-640,7e69f4af5b9b5ce6bd77fca6978f53af9fd3773f,conda
ee2e51cc65514c69b51a7840dc8c62d3,309806188325510521,FINISHED,file:///home/fischer/repos/ai-energy-validation/mlruns/309806188325510521/ee2e51cc65514c69b51a7840dc8c62d3/artifacts,2026-05-12 21:46:48.316000+00:00,2026-05-12 21:49:04.022000+00:00,1.0332720279693604,0.758904755115509,28008.0,0.11137669168520072,21375.414668223722,0.9224677085876465,115.0,0.0006008925976031716,0.0005992080033347229,0.14593580658607752,115.3233073320007,16,191920.0,16,8212124,Tensorflow 2.21.0,NVIDIA GeForce RTX 4090,ImageNet (ILSVRC 2012),EfficientNetV2B1,Inference,PROJECT,https://github.com/raphischer/ai-energy-validation.git,fischer,main.py,local,file:///home/fischer/repos/ai-energy-validation#experiments/imagenet,debonair-boar-729,7e69f4af5b9b5ce6bd77fca6978f53af9fd3773f,conda
0f1b6e751810467684b8b826c72d57ad,309806188325510521,FINISHED,file:///home/fischer/repos/ai-energy-validation/mlruns/309806188325510521/0f1b6e751810467684b8b826c72d57ad/artifacts,2026-05-12 21:44:13.068000+00:00,2026-05-12 21:46:45.059000+00:00,1.1295788288116455,0.7375343441963196,31428.0,0.09058422510232354,23718.573500792398,0.9099870324134827,132.0,0.0005053403226512345,0.0005041246562786434,0.12002749770852429,132.31831008299923,16,261840.0,16,7200312,Tensorflow 2.21.0,NVIDIA GeForce RTX 4090,ImageNet (ILSVRC 2012),EfficientNetV2B0,Inference,PROJECT,https://github.com/raphischer/ai-energy-validation.git,fischer,main.py,local,file:///home/fischer/repos/ai-energy-validation#experiments/imagenet,sedate-fish-428,7e69f4af5b9b5ce6bd77fca6978f53af9fd3773f,conda
1deb964ef5b24110b8705c8c0721a0a4,309806188325510521,FINISHED,file:///home/fischer/repos/ai-energy-validation/mlruns/309806188325510521/1deb964ef5b24110b8705c8c0721a0a4/artifacts,2026-05-12 21:41:39.517000+00:00,2026-05-12 21:44:09.708000+00:00,0.8550635576248169,0.8223757147789001,38628.0,0.43152514969827066,31111.23719264652,0.9589158892631531,121.0,0.0016819959948957022,0.001678317798490901,0.5357856191744341,121.26518324800054,16,72096.0,16,19466823,Tensorflow 2.21.0,NVIDIA GeForce RTX 4090,ImageNet (ILSVRC 2012),EfficientNetB4,Inference,PROJECT,https://github.com/raphischer/ai-energy-validation.git,fischer,main.py,local,file:///home/fischer/repos/ai-energy-validation#experiments/imagenet,enthused-eel-296,7e69f4af5b9b5ce6bd77fca6978f53af9fd3773f,conda
c4ad91ebdfa443c3b710eb60be4c8ad9,309806188325510521,FINISHED,file:///home/fischer/repos/ai-energy-validation/mlruns/309806188325510521/c4ad91ebdfa443c3b710eb60be4c8ad9/artifacts,2026-05-12 21:39:01.904000+00:00,2026-05-12 21:41:36.111000+00:00,0.8824732303619385,0.80098956823349,37620.0,0.2238972560840789,29955.661686001084,0.9473959803581238,130.0,0.000972297128079418,0.0009716574982061708,0.2811827314039703,130.08557736000148,16,133792.0,16,12320535,Tensorflow 2.21.0,NVIDIA GeForce RTX 4090,ImageNet (ILSVRC 2012),EfficientNetB3,Inference,PROJECT,https://github.com/raphischer/ai-energy-validation.git,fischer,main.py,local,file:///home/fischer/repos/ai-energy-validation#experiments/imagenet,fun-lamb-262,7e69f4af5b9b5ce6bd77fca6978f53af9fd3773f,conda
922e3a122faf42859f305412b05acfb7,309806188325510521,FINISHED,file:///home/fischer/repos/ai-energy-validation/mlruns/309806188325510521/922e3a122faf42859f305412b05acfb7/artifacts,2026-05-12 21:36:30.957000+00:00,2026-05-12 21:38:58.325000+00:00,1.0015476942062378,0.7715946435928345,34164.0,0.15285196526712155,26769.8817890226,0.9316987991333008,125.0,0.0007122410021811495,0.0007137310433034898,0.19507125890736343,124.7390401579978,16,175136.0,16,9177569,Tensorflow 2.21.0,NVIDIA GeForce RTX 4090,ImageNet (ILSVRC 2012),EfficientNetB2,Inference,PROJECT,https://github.com/raphischer/ai-energy-validation.git,fischer,main.py,local,file:///home/fischer/repos/ai-energy-validation#experiments/imagenet,bright-cod-860,7e69f4af5b9b5ce6bd77fca6978f53af9fd3773f,conda
78a3c8f00b384c66947978398de8593d,309806188325510521,FINISHED,file:///home/fischer/repos/ai-energy-validation/mlruns/309806188325510521/78a3c8f00b384c66947978398de8593d/artifacts,2026-05-12 21:33:45.470000+00:00,2026-05-12 21:36:27.619000+00:00,1.2698601484298706,0.7144083976745605,39096.0,0.09754503707350287,30218.6721250746,0.894403338432312,143.0,0.00046274602963601553,0.00046160004131804566,0.1262008057018903,143.35501801300052,16,309792.0,16,5330571,Tensorflow 2.21.0,NVIDIA GeForce RTX 4090,ImageNet (ILSVRC 2012),EfficientNetB0,Inference,PROJECT,https://github.com/raphischer/ai-energy-validation.git,fischer,main.py,local,file:///home/fischer/repos/ai-energy-validation#experiments/imagenet,auspicious-wasp-907,7e69f4af5b9b5ce6bd77fca6978f53af9fd3773f,conda
6b3292f6f44a4d33bbec7fbf8d149f9c,309806188325510521,FINISHED,file:///home/fischer/repos/ai-energy-validation/mlruns/309806188325510521/6b3292f6f44a4d33bbec7fbf8d149f9c/artifacts,2026-05-12 21:31:08.903000+00:00,2026-05-12 21:33:42.017000+00:00,1.6674541234970093,0.6324566602706909,34056.0,0.06662079624114661,25463.001289736163,0.8377271294593811,136.0,0.0003561716254657216,0.0003558271935699933,0.08910331547220361,136.13164462600253,16,382208.0,16,2554968,Tensorflow 2.21.0,NVIDIA GeForce RTX 4090,ImageNet (ILSVRC 2012),MobileNetV3Small,Inference,PROJECT,https://github.com/raphischer/ai-energy-validation.git,fischer,main.py,local,file:///home/fischer/repos/ai-energy-validation#experiments/imagenet,overjoyed-shrew-706,7e69f4af5b9b5ce6bd77fca6978f53af9fd3773f,conda
85d952c4f57544aea6e316e96b21ca23,309806188325510521,FINISHED,file:///home/fischer/repos/ai-energy-validation/mlruns/309806188325510521/85d952c4f57544aea6e316e96b21ca23/artifacts,2026-05-12 21:28:24.649000+00:00,2026-05-12 21:31:05.652000+00:00,1.2825475931167603,0.7102871537208557,36000.0,0.07643345964037339,27266.56665826824,0.8928479552268982,143.0,0.00040169342132277295,0.000400856655902404,0.10091496232508074,143.29850434900072,16,356736.0,16,5507432,Tensorflow 2.21.0,NVIDIA GeForce RTX 4090,ImageNet (ILSVRC 2012),MobileNetV3Large,Inference,PROJECT,https://github.com/raphischer/ai-energy-validation.git,fischer,main.py,local,file:///home/fischer/repos/ai-energy-validation#experiments/imagenet,rumbling-stork-654,7e69f4af5b9b5ce6bd77fca6978f53af9fd3773f,conda
3a73214de87c4c18a08ae6fa9d86eb97,309806188325510521,FINISHED,file:///home/fischer/repos/ai-energy-validation/mlruns/309806188325510521/3a73214de87c4c18a08ae6fa9d86eb97/artifacts,2026-05-12 21:26:06.144000+00:00,2026-05-12 21:28:21.601000+00:00,1.7850072383880615,0.615641176700592,36180.0,0.08693792849644154,27942.54572218428,0.8269022703170776,119.0,0.00037159814757877424,0.0003702459179609717,0.11256720430107527,119.43461741699866,16,321408.0,16,3538984,Tensorflow 2.21.0,NVIDIA GeForce RTX 4090,ImageNet (ILSVRC 2012),MobileNetV2,Inference,PROJECT,https://github.com/raphischer/ai-energy-validation.git,fischer,main.py,local,file:///home/fischer/repos/ai-energy-validation#experiments/imagenet,efficient-stork-302,7e69f4af5b9b5ce6bd77fca6978f53af9fd3773f,conda
9d1b89da4a834406844bc04b621a1c49,309806188325510521,FINISHED,file:///home/fischer/repos/ai-energy-validation/mlruns/309806188325510521/9d1b89da4a834406844bc04b621a1c49/artifacts,2026-05-12 21:23:50.167000+00:00,2026-05-12 21:26:02.897000+00:00,1.8119796514511108,0.6126550436019897,43128.0,0.08287215114939256,33571.83991922352,0.8224455714225769,119.0,0.0002937043706381575,0.0002937517279513409,0.10646155061416328,118.98081536300016,16,405104.0,16,4253864,Tensorflow 2.21.0,NVIDIA GeForce RTX 4090,ImageNet (ILSVRC 2012),MobileNet,Inference,PROJECT,https://github.com/raphischer/ai-energy-validation.git,fischer,main.py,local,file:///home/fischer/repos/ai-energy-validation#experiments/imagenet,grandiose-fowl-0,7e69f4af5b9b5ce6bd77fca6978f53af9fd3773f,conda
21dcf29d51604a1e9414b4fcbd6fa3f7,309806188325510521,FINISHED,file:///home/fischer/repos/ai-energy-validation/mlruns/309806188325510521/21dcf29d51604a1e9414b4fcbd6fa3f7/artifacts,2026-05-12 21:21:18.036000+00:00,2026-05-12 21:23:47.053000+00:00,1.035410761833191,0.7639644742012024,38700.0,0.18724707063644558,30558.72192786792,0.9269607663154602,126.0,0.0007748955889093279,0.0007720588235294117,0.23713235294117646,126.46296011000231,16,163200.0,16,23851784,Tensorflow 2.21.0,NVIDIA GeForce RTX 4090,ImageNet (ILSVRC 2012),InceptionV3,Inference,PROJECT,https://github.com/raphischer/ai-energy-validation.git,fischer,main.py,local,file:///home/fischer/repos/ai-energy-validation#experiments/imagenet,receptive-skink-565,7e69f4af5b9b5ce6bd77fca6978f53af9fd3773f,conda
40320851d0bb42bc94f6b700eeb8796c,309806188325510521,FINISHED,file:///home/fischer/repos/ai-energy-validation/mlruns/309806188325510521/40320851d0bb42bc94f6b700eeb8796c/artifacts,2026-05-12 21:18:43.012000+00:00,2026-05-12 21:21:14.772000+00:00,0.9122025966644287,0.7885754704475403,37080.0,0.396877457043268,29743.584140650677,0.9421701431274414,123.0,0.0016427792533357942,0.0016412254483347565,0.49476942783945344,123.11644836199775,16,74944.0,16,55873736,Tensorflow 2.21.0,NVIDIA GeForce RTX 4090,ImageNet (ILSVRC 2012),InceptionResNetV2,Inference,PROJECT,https://github.com/raphischer/ai-energy-validation.git,fischer,main.py,local,file:///home/fischer/repos/ai-energy-validation#experiments/imagenet,hilarious-quail-491,7e69f4af5b9b5ce6bd77fca6978f53af9fd3773f,conda
eac3a3ac39b94431bd4c5e207294c86d,309806188325510521,FINISHED,file:///home/fischer/repos/ai-energy-validation/mlruns/309806188325510521/eac3a3ac39b94431bd4c5e207294c86d/artifacts,2026-05-12 21:16:13.295000+00:00,2026-05-12 21:18:39.749000+00:00,1.7404401302337646,0.6780268549919128,42264.0,0.35063187808759955,33941.165798879636,0.8714566230773926,122.0,0.0012560019196074385,0.0012603305785123967,0.4366115702479339,121.58098581800004,16,96800.0,16,60380648,Tensorflow 2.21.0,NVIDIA GeForce RTX 4090,ImageNet (ILSVRC 2012),ResNet152V2,Inference,PROJECT,https://github.com/raphischer/ai-energy-validation.git,fischer,main.py,local,file:///home/fischer/repos/ai-energy-validation#experiments/imagenet,defiant-bird-633,7e69f4af5b9b5ce6bd77fca6978f53af9fd3773f,conda
befc962b1adc4e9f9634f6c2e0d819fe,309806188325510521,FINISHED,file:///home/fischer/repos/ai-energy-validation/mlruns/309806188325510521/befc962b1adc4e9f9634f6c2e0d819fe/artifacts,2026-05-12 21:13:35.427000+00:00,2026-05-12 21:16:10.234000+00:00,1.790062665939331,0.6723746657371521,46044.0,0.24777943224203305,36695.142797316126,0.8690646886825562,134.0,0.0009027764347045044,0.0009048184961106309,0.3109064390665514,133.69757887399828,16,148096.0,16,44675560,Tensorflow 2.21.0,NVIDIA GeForce RTX 4090,ImageNet (ILSVRC 2012),ResNet101V2,Inference,PROJECT,https://github.com/raphischer/ai-energy-validation.git,fischer,main.py,local,file:///home/fischer/repos/ai-energy-validation#experiments/imagenet,redolent-flea-194,7e69f4af5b9b5ce6bd77fca6978f53af9fd3773f,conda
c57c1997108c4ff3a286c521e0f5671a,309806188325510521,FINISHED,file:///home/fischer/repos/ai-energy-validation/mlruns/309806188325510521/c57c1997108c4ff3a286c521e0f5671a/artifacts,2026-05-12 21:11:08.288000+00:00,2026-05-12 21:13:31.984000+00:00,1.8045220375061035,0.6511974930763245,45756.0,0.14806259572267627,36425.76754930992,0.8552654981613159,125.0,0.0005112278116992409,0.0005080970343392299,0.18598790322580644,125.77022132300044,16,246016.0,16,25613800,Tensorflow 2.21.0,NVIDIA GeForce RTX 4090,ImageNet (ILSVRC 2012),ResNet50V2,Inference,PROJECT,https://github.com/raphischer/ai-energy-validation.git,fischer,main.py,local,file:///home/fischer/repos/ai-energy-validation#experiments/imagenet,fortunate-cod-243,7e69f4af5b9b5ce6bd77fca6978f53af9fd3773f,conda
eb1c91738bbc442a89bae7cfd3a39b9b,309806188325510521,FINISHED,file:///home/fischer/repos/ai-energy-validation/mlruns/309806188325510521/eb1c91738bbc442a89bae7cfd3a39b9b/artifacts,2026-05-12 21:08:38.103000+00:00,2026-05-12 21:11:04.967000+00:00,1.2272742986679077,0.7241848111152649,42876.0,0.4041312580172935,34205.66967858372,0.9000236392021179,122.0,0.0014445938970462841,0.001441398865784499,0.5065689981096408,122.27042744599748,16,84640.0,16,60419944,Tensorflow 2.21.0,NVIDIA GeForce RTX 4090,ImageNet (ILSVRC 2012),ResNet152,Inference,PROJECT,https://github.com/raphischer/ai-energy-validation.git,fischer,main.py,local,file:///home/fischer/repos/ai-energy-validation#experiments/imagenet,bemused-eel-817,7e69f4af5b9b5ce6bd77fca6978f53af9fd3773f,conda
d8f12604e19b4c20a256a4bedb274a0e,309806188325510521,FINISHED,file:///home/fischer/repos/ai-energy-validation/mlruns/309806188325510521/d8f12604e19b4c20a256a4bedb274a0e/artifacts,2026-05-12 21:06:14.377000+00:00,2026-05-12 21:08:35.023000+00:00,1.2562617063522339,0.7182223200798035,40932.0,0.29226227650528547,32677.26061150296,0.8960450291633606,119.0,0.001068125585727322,0.0010643245563823698,0.36609187178019464,119.4249854890004,16,111808.0,16,44707176,Tensorflow 2.21.0,NVIDIA GeForce RTX 4090,ImageNet (ILSVRC 2012),ResNet101,Inference,PROJECT,https://github.com/raphischer/ai-energy-validation.git,fischer,main.py,local,file:///home/fischer/repos/ai-energy-validation#experiments/imagenet,rare-donkey-642,7e69f4af5b9b5ce6bd77fca6978f53af9fd3773f,conda
9b041205b1e64e66b89a9df9905b968d,309806188325510521,FINISHED,file:///home/fischer/repos/ai-energy-validation/mlruns/309806188325510521/9b041205b1e64e66b89a9df9905b968d/artifacts,2026-05-12 21:03:55.199000+00:00,2026-05-12 21:06:11.376000+00:00,1.325951337814331,0.7007124423980713,45864.0,0.17905439456518724,36644.55617413296,0.8854907751083374,120.0,0.0005844658531389213,0.0005863497771870847,0.22410288484090377,119.61444363999908,16,204656.0,16,25636712,Tensorflow 2.21.0,NVIDIA GeForce RTX 4090,ImageNet (ILSVRC 2012),ResNet50,Inference,PROJECT,https://github.com/raphischer/ai-energy-validation.git,fischer,main.py,local,file:///home/fischer/repos/ai-energy-validation#experiments/imagenet,grandiose-frog-833,7e69f4af5b9b5ce6bd77fca6978f53af9fd3773f,conda
0a92fcb982b24c6faf8439544c8d6af6,309806188325510521,FINISHED,file:///home/fischer/repos/ai-energy-validation/mlruns/309806188325510521/0a92fcb982b24c6faf8439544c8d6af6/artifacts,2026-05-12 21:01:13.648000+00:00,2026-05-12 21:03:51.886000+00:00,1.1750041246414185,0.7253748178482056,28224.0,0.21744799467403628,21696.091116596643,0.8998757004737854,124.0,0.001248007866330548,0.0012427838357921745,0.28287363694676076,124.52123287099676,16,99776.0,16,20242984,Tensorflow 2.21.0,NVIDIA GeForce RTX 4090,ImageNet (ILSVRC 2012),DenseNet201,Inference,PROJECT,https://github.com/raphischer/ai-energy-validation.git,fischer,main.py,local,file:///home/fischer/repos/ai-energy-validation#experiments/imagenet,burly-hog-192,7e69f4af5b9b5ce6bd77fca6978f53af9fd3773f,conda
af746c704e8949beb026f443df673aba,309806188325510521,FINISHED,file:///home/fischer/repos/ai-energy-validation/mlruns/309806188325510521/af746c704e8949beb026f443df673aba/artifacts,2026-05-12 20:58:42.225000+00:00,2026-05-12 21:01:10.582000+00:00,1.3002318143844604,0.6925337314605713,30312.0,0.15161549237806873,23373.044305003077,0.8825570940971375,124.0,0.0008037526386351861,0.0008043591074208614,0.19662688116242866,123.90650677200028,16,154160.0,16,8062504,Tensorflow 2.21.0,NVIDIA GeForce RTX 4090,ImageNet (ILSVRC 2012),DenseNet121,Inference,PROJECT,https://github.com/raphischer/ai-energy-validation.git,fischer,main.py,local,file:///home/fischer/repos/ai-energy-validation#experiments/imagenet,bright-ox-397,7e69f4af5b9b5ce6bd77fca6978f53af9fd3773f,conda
4a5b777df50241068d9ee461a35eafde,309806188325510521,FINISHED,file:///home/fischer/repos/ai-energy-validation/mlruns/309806188325510521/4a5b777df50241068d9ee461a35eafde/artifacts,2026-05-12 20:56:08.744000+00:00,2026-05-12 20:58:39.344000+00:00,0.9947823882102966,0.7766299843788147,38304.0,0.21157985448302832,30660.4598728446,0.9320484399795532,133.0,0.0009173069398600448,0.0009177983879871922,0.2643259357403114,132.9287832689988,4,144912.0,4,28589128,Tensorflow 2.21.0,NVIDIA GeForce RTX 4090,ImageNet (ILSVRC 2012),ConvNeXtTiny,Inference,PROJECT,https://github.com/raphischer/ai-energy-validation.git,fischer,main.py,local,file:///home/fischer/repos/ai-energy-validation#experiments/imagenet,learned-gull-140,7e69f4af5b9b5ce6bd77fca6978f53af9fd3773f,conda
c9d73363c46941629f1524651be7420c,309806188325510521,FINISHED,file:///home/fischer/repos/ai-energy-validation/mlruns/309806188325510521/c9d73363c46941629f1524651be7420c/artifacts,2026-05-12 20:53:39.320000+00:00,2026-05-12 20:56:05.793000+00:00,0.9036544561386108,0.7917628884315491,31175.999999999996,0.3619123297663724,24446.45405105892,0.9392876029014587,123.0,0.001830187810564328,0.0018209273405578256,0.4615384615384615,123.62552622799922,4,67548.0,4,50223688,Tensorflow 2.21.0,NVIDIA GeForce RTX 4090,ImageNet (ILSVRC 2012),ConvNeXtSmall,Inference,PROJECT,https://github.com/raphischer/ai-energy-validation.git,fischer,main.py,local,file:///home/fischer/repos/ai-energy-validation#experiments/imagenet,dazzling-gull-252,7e69f4af5b9b5ce6bd77fca6978f53af9fd3773f,conda
c0574e1b621c47c3bf144094b8d28746,309806188325510521,FINISHED,file:///home/fischer/repos/ai-energy-validation/mlruns/309806188325510521/c0574e1b621c47c3bf144094b8d28746/artifacts,2026-05-12 20:51:17.396000+00:00,2026-05-12 20:53:36.263000+00:00,0.7361264824867249,0.8197567462921143,32184.0,0.4921405062801488,25652.33174934648,0.9578505158424377,114.0,0.0021845309883355207,0.0021870923183178576,0.6174506944977362,113.86649323600068,4,52124.0,4,88591464,Tensorflow 2.21.0,NVIDIA GeForce RTX 4090,ImageNet (ILSVRC 2012),ConvNeXtBase,Inference,PROJECT,https://github.com/raphischer/ai-energy-validation.git,fischer,main.py,local,file:///home/fischer/repos/ai-energy-validation#experiments/imagenet,invincible-vole-893,7e69f4af5b9b5ce6bd77fca6978f53af9fd3773f,conda
c015c731a9934c20bf28d20b039c5ea3,309806188325510521,FINISHED,file:///home/fischer/repos/ai-energy-validation/mlruns/309806188325510521/c015c731a9934c20bf28d20b039c5ea3/artifacts,2026-05-12 20:48:48.366000+00:00,2026-05-12 20:51:14.286000+00:00,1.4188114404678345,0.6671079993247986,55332.0,0.4509810651477153,45303.753880478886,0.8651847839355469,127.0,0.0012578976409572196,0.0012642350879987258,0.5508083140877598,126.36336541999844,4,100456.0,4,143667240,Tensorflow 2.21.0,NVIDIA GeForce RTX 4090,ImageNet (ILSVRC 2012),VGG19,Inference,PROJECT,https://github.com/raphischer/ai-energy-validation.git,fischer,main.py,local,file:///home/fischer/repos/ai-energy-validation#experiments/imagenet,inquisitive-gnu-528,7e69f4af5b9b5ce6bd77fca6978f53af9fd3773f,conda
4d844c4a3cdb41bfac19bc1dadcdb571,309806188325510521,FINISHED,file:///home/fischer/repos/ai-energy-validation/mlruns/309806188325510521/4d844c4a3cdb41bfac19bc1dadcdb571/artifacts,2026-05-12 20:46:19.579000+00:00,2026-05-12 20:48:45.188000+00:00,1.411026954650879,0.6709860563278198,57924.0,0.38181874950133404,47704.434562696675,0.8668320775032043,126.0,0.0010082377744117092,0.0010084840723547303,0.46361453497678884,125.96922753499894,4,124940.0,4,138357544,Tensorflow 2.21.0,NVIDIA GeForce RTX 4090,ImageNet (ILSVRC 2012),VGG16,Inference,PROJECT,https://github.com/raphischer/ai-energy-validation.git,fischer,main.py,local,file:///home/fischer/repos/ai-energy-validation#experiments/imagenet,flawless-snipe-274,7e69f4af5b9b5ce6bd77fca6978f53af9fd3773f,conda
c735b5c6d9474ab488756c59d4964c24,309806188325510521,FINISHED,file:///home/fischer/repos/ai-energy-validation/mlruns/309806188325510521/c735b5c6d9474ab488756c59d4964c24/artifacts,2026-05-12 20:44:05.012000+00:00,2026-05-12 20:46:16.333000+00:00,0.9744001030921936,0.7772881984710693,34380.0,0.3663681270352225,27603.640163341803,0.9354427456855774,114.0,0.001514047410264913,0.0015130600976852836,0.45630707156508815,114.07438807899962,4,75344.0,4,22910480,Tensorflow 2.21.0,NVIDIA GeForce RTX 4090,ImageNet (ILSVRC 2012),Xception,Inference,PROJECT,https://github.com/raphischer/ai-energy-validation.git,fischer,main.py,local,file:///home/fischer/repos/ai-energy-validation#experiments/imagenet,judicious-midge-732,7e69f4af5b9b5ce6bd77fca6978f53af9fd3773f,conda
be873731436f43c79e52b1d9e6945db6,309806188325510521,FINISHED,file:///home/fischer/repos/ai-energy-validation/mlruns/309806188325510521/be873731436f43c79e52b1d9e6945db6/artifacts,2026-05-12 20:41:26.781000+00:00,2026-05-12 20:44:01.974000+00:00,1.3485069274902344,0.6952561140060425,19764.0,0.3018447029314232,14379.881647653,0.8807304501533508,132.0,0.0027779843847186726,0.0027707808564231737,0.41486146095717885,132.34317608799756,4,47640.0,4,5326716,Tensorflow 2.21.0,NVIDIA GeForce RTX 4090,ImageNet (ILSVRC 2012),NASNetMobile,Inference,PROJECT,https://github.com/raphischer/ai-energy-validation.git,fischer,main.py,local,file:///home/fischer/repos/ai-energy-validation#experiments/imagenet,delicate-horse-296,7e69f4af5b9b5ce6bd77fca6978f53af9fd3773f,conda
d39c4776c0df408aa76f24fe08e149a2,309806188325510521,FINISHED,file:///home/fischer/repos/ai-energy-validation/mlruns/309806188325510521/d39c4776c0df408aa76f24fe08e149a2/artifacts,2026-05-12 20:39:00.817000+00:00,2026-05-12 20:41:23.776000+00:00,0.720031201839447,0.8309025168418884,28548.0,0.43752512757757234,22319.03180798712,0.963773250579834,120.0,0.002359747564671059,0.002352387673488591,0.5596330275229358,120.37544276900007,4,51012.0,4,21612360,Tensorflow 2.21.0,NVIDIA GeForce RTX 4090,ImageNet (ILSVRC 2012),EfficientNetV2S,Inference,PROJECT,https://github.com/raphischer/ai-energy-validation.git,fischer,main.py,local,file:///home/fischer/repos/ai-energy-validation#experiments/imagenet,incongruous-lark-470,7e69f4af5b9b5ce6bd77fca6978f53af9fd3773f,conda
9d6657302a3b421d90a2a1f72c477567,309806188325510521,FINISHED,file:///home/fischer/repos/ai-energy-validation/mlruns/309806188325510521/9d6657302a3b421d90a2a1f72c477567/artifacts,2026-05-12 20:36:25.359000+00:00,2026-05-12 20:38:57.973000+00:00,0.8289415240287781,0.8055037260055542,29160.0,0.2715923993319059,22709.470062536642,0.9487418532371521,132.0,0.0015825463805133146,0.0015786452353616532,0.3487370838117107,132.32619815300131,4,83616.0,4,14467622,Tensorflow 2.21.0,NVIDIA GeForce RTX 4090,ImageNet (ILSVRC 2012),EfficientNetV2B3,Inference,PROJECT,https://github.com/raphischer/ai-energy-validation.git,fischer,main.py,local,file:///home/fischer/repos/ai-energy-validation#experiments/imagenet,amazing-moose-666,7e69f4af5b9b5ce6bd77fca6978f53af9fd3773f,conda
90718ae167464c58a9d437bdeb0ba483,309806188325510521,FINISHED,file:///home/fischer/repos/ai-energy-validation/mlruns/309806188325510521/90718ae167464c58a9d437bdeb0ba483/artifacts,2026-05-12 20:33:09.277000+00:00,2026-05-12 20:36:22.455000+00:00,0.9676487445831299,0.7745190858840942,35100.0,0.2218991216653872,27177.31682508996,0.9300271272659302,175.0,0.001424671773106561,0.0014288513667983932,0.286586759854992,174.48810008299915,4,122476.0,4,10178374,Tensorflow 2.21.0,NVIDIA GeForce RTX 4090,ImageNet (ILSVRC 2012),EfficientNetV2B2,Inference,PROJECT,https://github.com/raphischer/ai-energy-validation.git,fischer,main.py,local,file:///home/fischer/repos/ai-energy-validation#experiments/imagenet,mercurial-shrike-70,7e69f4af5b9b5ce6bd77fca6978f53af9fd3773f,conda
b15d49bcb1c74c44b3831ff23ecbe246,309806188325510521,FINISHED,file:///home/fischer/repos/ai-energy-validation/mlruns/309806188325510521/b15d49bcb1c74c44b3831ff23ecbe246/artifacts,2026-05-12 20:29:58.198000+00:00,2026-05-12 20:33:06.287000+00:00,1.0342376232147217,0.7586634755134583,34164.0,0.17700214568050812,26376.1517407266,0.9224244356155396,170.0,0.0011380859194247423,0.0011408170934664734,0.22926397165405057,169.5930113689974,4,149016.0,4,8212124,Tensorflow 2.21.0,NVIDIA GeForce RTX 4090,ImageNet (ILSVRC 2012),EfficientNetV2B1,Inference,PROJECT,https://github.com/raphischer/ai-energy-validation.git,fischer,main.py,local,file:///home/fischer/repos/ai-energy-validation#experiments/imagenet,abrasive-auk-67,7e69f4af5b9b5ce6bd77fca6978f53af9fd3773f,conda
f0f35ab12d9040d9ae34fdf695880318,309806188325510521,FINISHED,file:///home/fischer/repos/ai-energy-validation/mlruns/309806188325510521/f0f35ab12d9040d9ae34fdf695880318/artifacts,2026-05-12 20:26:53.585000+00:00,2026-05-12 20:29:55.171000+00:00,1.130607008934021,0.7373381853103638,32543.999999999996,0.1502590509897481,25122.71228928192,0.9097227454185486,164.0,0.0009777127238031961,0.0009808847101605302,0.19464580492356273,163.4696565689992,4,167196.0,4,7200312,Tensorflow 2.21.0,NVIDIA GeForce RTX 4090,ImageNet (ILSVRC 2012),EfficientNetV2B0,Inference,PROJECT,https://github.com/raphischer/ai-energy-validation.git,fischer,main.py,local,file:///home/fischer/repos/ai-energy-validation#experiments/imagenet,receptive-lynx-565,7e69f4af5b9b5ce6bd77fca6978f53af9fd3773f,conda
533e3e8e07c84dbfa98e5aa00e287a70,309806188325510521,FINISHED,file:///home/fischer/repos/ai-energy-validation/mlruns/309806188325510521/533e3e8e07c84dbfa98e5aa00e287a70/artifacts,2026-05-12 20:24:27.584000+00:00,2026-05-12 20:26:50.538000+00:00,0.8585187792778015,0.8208734393119812,28476.0,0.47482987239479724,22484.14411763844,0.9588401913642883,118.0,0.002495924082425212,0.0024919749957763135,0.6013684744044602,118.18699715099864,4,47352.0,4,19466823,Tensorflow 2.21.0,NVIDIA GeForce RTX 4090,ImageNet (ILSVRC 2012),EfficientNetB4,Inference,PROJECT,https://github.com/raphischer/ai-energy-validation.git,fischer,main.py,local,file:///home/fischer/repos/ai-energy-validation#experiments/imagenet,delightful-wasp-965,7e69f4af5b9b5ce6bd77fca6978f53af9fd3773f,conda
71f53fe166dc43b28fd21e8d22e49507,309806188325510521,FINISHED,file:///home/fischer/repos/ai-energy-validation/mlruns/309806188325510521/71f53fe166dc43b28fd21e8d22e49507/artifacts,2026-05-12 20:22:25.990000+00:00,2026-05-12 20:24:24.422000+00:00,0.8834400177001953,0.8010278940200806,20592.0,0.2936239755437084,16054.1844868278,0.9469602704048157,96.0,0.0017553788590240701,0.0017557977906211134,0.3766186260882288,95.97709449600006,4,54676.0,4,12320535,Tensorflow 2.21.0,NVIDIA GeForce RTX 4090,ImageNet (ILSVRC 2012),EfficientNetB3,Inference,PROJECT,https://github.com/raphischer/ai-energy-validation.git,fischer,main.py,local,file:///home/fischer/repos/ai-energy-validation#experiments/imagenet,rogue-kit-518,7e69f4af5b9b5ce6bd77fca6978f53af9fd3773f,conda
c632c149188a42928d0ba4b3a7976c00,309806188325510521,FINISHED,file:///home/fischer/repos/ai-energy-validation/mlruns/309806188325510521/c632c149188a42928d0ba4b3a7976c00/artifacts,2026-05-12 20:19:44.728000+00:00,2026-05-12 20:22:22.942000+00:00,1.002566933631897,0.7715903520584106,29520.000000000004,0.21499540302490383,22933.129649860442,0.9317039847373962,137.0,0.001292086542908862,0.0012843589455131812,0.27674654066824167,137.82428735900248,4,106668.0,4,9177569,Tensorflow 2.21.0,NVIDIA GeForce RTX 4090,ImageNet (ILSVRC 2012),EfficientNetB2,Inference,PROJECT,https://github.com/raphischer/ai-energy-validation.git,fischer,main.py,local,file:///home/fischer/repos/ai-energy-validation#experiments/imagenet,sedate-hound-985,7e69f4af5b9b5ce6bd77fca6978f53af9fd3773f,conda
67552a7b12cd458c914fdad15e8352b3,309806188325510521,FINISHED,file:///home/fischer/repos/ai-energy-validation/mlruns/309806188325510521/67552a7b12cd458c914fdad15e8352b3/artifacts,2026-05-12 20:17:23.778000+00:00,2026-05-12 20:19:41.794000+00:00,1.2690800428390503,0.7146338224411011,29160.0,0.14255786834534637,23048.7561540756,0.8945262432098389,120.0,0.0007438370623824921,0.0007422068283028204,0.18035625927758536,120.26357624600132,4,161680.0,4,5330571,Tensorflow 2.21.0,NVIDIA GeForce RTX 4090,ImageNet (ILSVRC 2012),EfficientNetB0,Inference,PROJECT,https://github.com/raphischer/ai-energy-validation.git,fischer,main.py,local,file:///home/fischer/repos/ai-energy-validation#experiments/imagenet,valuable-pig-860,7e69f4af5b9b5ce6bd77fca6978f53af9fd3773f,conda
58553d2d8b814aef8da866bc08a73c06,309806188325510521,FINISHED,file:///home/fischer/repos/ai-energy-validation/mlruns/309806188325510521/58553d2d8b814aef8da866bc08a73c06/artifacts,2026-05-12 20:14:56.255000+00:00,2026-05-12 20:17:21.010000+00:00,1.6675219535827637,0.6325600743293762,34812.0,0.10669604135635286,27965.032439500083,0.837645947933197,129.0,0.0004913899458946924,0.0004921785578023655,0.1328195345288058,128.79330481899888,4,262100.0,4,2554968,Tensorflow 2.21.0,NVIDIA GeForce RTX 4090,ImageNet (ILSVRC 2012),MobileNetV3Small,Inference,PROJECT,https://github.com/raphischer/ai-energy-validation.git,fischer,main.py,local,file:///home/fischer/repos/ai-energy-validation#experiments/imagenet,bemused-sloth-135,7e69f4af5b9b5ce6bd77fca6978f53af9fd3773f,conda
b56b3fcdee42467e8cbc35530b5430d4,309806188325510521,FINISHED,file:///home/fischer/repos/ai-energy-validation/mlruns/309806188325510521/b56b3fcdee42467e8cbc35530b5430d4/artifacts,2026-05-12 20:12:17.699000+00:00,2026-05-12 20:14:53.410000+00:00,1.2821828126907349,0.7103142142295837,37080.0,0.12307583178162411,29927.11925601972,0.8928195238113403,139.0,0.0005702470473145161,0.0005716400723803257,0.15249218621483795,138.66127202499774,4,243160.0,4,5507432,Tensorflow 2.21.0,NVIDIA GeForce RTX 4090,ImageNet (ILSVRC 2012),MobileNetV3Large,Inference,PROJECT,https://github.com/raphischer/ai-energy-validation.git,fischer,main.py,local,file:///home/fischer/repos/ai-energy-validation#experiments/imagenet,receptive-whale-989,7e69f4af5b9b5ce6bd77fca6978f53af9fd3773f,conda
c6e50dc2be014be797cfca5406791f67,309806188325510521,FINISHED,file:///home/fischer/repos/ai-energy-validation/mlruns/309806188325510521/c6e50dc2be014be797cfca5406791f67/artifacts,2026-05-12 20:09:50.712000+00:00,2026-05-12 20:12:14.781000+00:00,1.7851824760437012,0.615475594997406,38412.0,0.12312881620170747,31123.517128938,0.8269784450531006,129.0,0.0005108898450738235,0.0005103413352744766,0.15196303388033486,129.1386479190005,4,252772.0,4,3538984,Tensorflow 2.21.0,NVIDIA GeForce RTX 4090,ImageNet (ILSVRC 2012),MobileNetV2,Inference,PROJECT,https://github.com/raphischer/ai-energy-validation.git,fischer,main.py,local,file:///home/fischer/repos/ai-energy-validation#experiments/imagenet,chill-swan-841,7e69f4af5b9b5ce6bd77fca6978f53af9fd3773f,conda
094347961bfc40c0844cff5107123302,309806188325510521,FINISHED,file:///home/fischer/repos/ai-energy-validation/mlruns/309806188325510521/094347961bfc40c0844cff5107123302/artifacts,2026-05-12 20:07:26.009000+00:00,2026-05-12 20:09:47.774000+00:00,1.8113765716552734,0.6128756999969482,41544.0,0.10327712623692739,33497.729340694925,0.8223636150360107,126.0,0.000390239858340415,0.00038847164157016536,0.1280846498205631,126.57351757299692,4,324348.0,4,4253864,Tensorflow 2.21.0,NVIDIA GeForce RTX 4090,ImageNet (ILSVRC 2012),MobileNet,Inference,PROJECT,https://github.com/raphischer/ai-energy-validation.git,fischer,main.py,local,file:///home/fischer/repos/ai-energy-validation#experiments/imagenet,lyrical-lark-135,7e69f4af5b9b5ce6bd77fca6978f53af9fd3773f,conda
71a93d05d7764f9486e8a532ff05fc55,309806188325510521,FINISHED,file:///home/fischer/repos/ai-energy-validation/mlruns/309806188325510521/71a93d05d7764f9486e8a532ff05fc55/artifacts,2026-05-12 20:05:04.665000+00:00,2026-05-12 20:07:23.243000+00:00,1.0350342988967896,0.764155387878418,27324.0,0.2799142137109567,21475.0184759046,0.9268117547035217,118.0,0.0015351043090328466,0.001538060479666319,0.3561522419186653,117.773202589,4,76720.0,4,23851784,Tensorflow 2.21.0,NVIDIA GeForce RTX 4090,ImageNet (ILSVRC 2012),InceptionV3,Inference,PROJECT,https://github.com/raphischer/ai-energy-validation.git,fischer,main.py,local,file:///home/fischer/repos/ai-energy-validation#experiments/imagenet,sincere-fly-189,7e69f4af5b9b5ce6bd77fca6978f53af9fd3773f,conda
67b235b1c2b4495e9d549764ca0c3c4c,309806188325510521,FINISHED,file:///home/fischer/repos/ai-energy-validation/mlruns/309806188325510521/67b235b1c2b4495e9d549764ca0c3c4c/artifacts,2026-05-12 20:02:32.176000+00:00,2026-05-12 20:05:01.907000+00:00,0.9112973809242249,0.7888180017471313,27828.0,0.6581439865779851,21871.4409619596,0.9423748254776001,123.0,0.003697840868259557,0.0037012518054886858,0.837385652383245,122.8866477340016,4,33232.0,4,55873736,Tensorflow 2.21.0,NVIDIA GeForce RTX 4090,ImageNet (ILSVRC 2012),InceptionResNetV2,Inference,PROJECT,https://github.com/raphischer/ai-energy-validation.git,fischer,main.py,local,file:///home/fischer/repos/ai-energy-validation#experiments/imagenet,resilient-gnat-66,7e69f4af5b9b5ce6bd77fca6978f53af9fd3773f,conda
a2308f83219640d899f8c41706fece29,309806188325510521,FINISHED,file:///home/fischer/repos/ai-energy-validation/mlruns/309806188325510521/a2308f83219640d899f8c41706fece29/artifacts,2026-05-12 20:00:12.971000+00:00,2026-05-12 20:02:29.434000+00:00,1.7407938241958618,0.6782571077346802,27216.0,0.48575414699956726,21415.92883291692,0.8711894154548645,113.0,0.0025638440337733687,0.0025630557067682818,0.6173108328796951,113.03475576100028,4,44088.0,4,60380648,Tensorflow 2.21.0,NVIDIA GeForce RTX 4090,ImageNet (ILSVRC 2012),ResNet152V2,Inference,PROJECT,https://github.com/raphischer/ai-energy-validation.git,fischer,main.py,local,file:///home/fischer/repos/ai-energy-validation#experiments/imagenet,bemused-pig-879,7e69f4af5b9b5ce6bd77fca6978f53af9fd3773f,conda
0e85a8d24b704685a900f6a4abd67322,309806188325510521,FINISHED,file:///home/fischer/repos/ai-energy-validation/mlruns/309806188325510521/0e85a8d24b704685a900f6a4abd67322/artifacts,2026-05-12 19:58:02.658000+00:00,2026-05-12 20:00:10.305000+00:00,1.7834364175796509,0.6727005243301392,25956.0,0.3501546853076608,20465.84104686216,0.8697474598884583,107.0,0.0018359874172426613,0.0018306871064878182,0.44408705173829727,107.30979256299906,4,58448.0,4,44675560,Tensorflow 2.21.0,NVIDIA GeForce RTX 4090,ImageNet (ILSVRC 2012),ResNet101V2,Inference,PROJECT,https://github.com/raphischer/ai-energy-validation.git,fischer,main.py,local,file:///home/fischer/repos/ai-energy-validation#experiments/imagenet,serious-lynx-251,7e69f4af5b9b5ce6bd77fca6978f53af9fd3773f,conda
fa5e41ec99cb488b8f6c1fc316df5657,309806188325510521,FINISHED,file:///home/fischer/repos/ai-energy-validation/mlruns/309806188325510521/fa5e41ec99cb488b8f6c1fc316df5657/artifacts,2026-05-12 19:55:35.803000+00:00,2026-05-12 19:57:59.800000+00:00,1.802404761314392,0.6514108180999756,36072.0,0.20311498023858438,28793.57959862172,0.8554317355155945,128.0,0.0009029085637203857,0.0009029345372460496,0.2544582392776524,127.99631799300188,4,141760.0,4,25613800,Tensorflow 2.21.0,NVIDIA GeForce RTX 4090,ImageNet (ILSVRC 2012),ResNet50V2,Inference,PROJECT,https://github.com/raphischer/ai-energy-validation.git,fischer,main.py,local,file:///home/fischer/repos/ai-energy-validation#experiments/imagenet,smiling-stoat-210,7e69f4af5b9b5ce6bd77fca6978f53af9fd3773f,conda
e708506b990c449c98bc3367543cea72,309806188325510521,FINISHED,file:///home/fischer/repos/ai-energy-validation/mlruns/309806188325510521/e708506b990c449c98bc3367543cea72/artifacts,2026-05-12 19:53:12.601000+00:00,2026-05-12 19:55:33.066000+00:00,1.226930022239685,0.7242631316184998,30456.000000000004,0.6351479053569,24135.6204035622,0.8994736671447754,118.0,0.0030806872733947356,0.003105263157894737,0.8014736842105264,117.06611638899994,4,38000.0,4,60419944,Tensorflow 2.21.0,NVIDIA GeForce RTX 4090,ImageNet (ILSVRC 2012),ResNet152,Inference,PROJECT,https://github.com/raphischer/ai-energy-validation.git,fischer,main.py,local,file:///home/fischer/repos/ai-energy-validation#experiments/imagenet,brawny-ray-17,7e69f4af5b9b5ce6bd77fca6978f53af9fd3773f,conda
9adc247e765b417c87b4114c668b5d24,309806188325510521,FINISHED,file:///home/fischer/repos/ai-energy-validation/mlruns/309806188325510521/9adc247e765b417c87b4114c668b5d24/artifacts,2026-05-12 19:50:54.285000+00:00,2026-05-12 19:53:09.779000+00:00,1.255104899406433,0.718328058719635,32292.000000000004,0.43104265729536373,25667.72815662432,0.8960670232772827,115.0,0.0019443533655538153,0.0019312151541613488,0.5422852152885068,115.7823542119986,4,59548.0,4,44707176,Tensorflow 2.21.0,NVIDIA GeForce RTX 4090,ImageNet (ILSVRC 2012),ResNet101,Inference,PROJECT,https://github.com/raphischer/ai-energy-validation.git,fischer,main.py,local,file:///home/fischer/repos/ai-energy-validation#experiments/imagenet,exultant-elk-26,7e69f4af5b9b5ce6bd77fca6978f53af9fd3773f,conda
fbff3190a21941088a04bf9cda3cae50,309806188325510521,FINISHED,file:///home/fischer/repos/ai-energy-validation/mlruns/309806188325510521/fbff3190a21941088a04bf9cda3cae50/artifacts,2026-05-12 19:48:41.484000+00:00,2026-05-12 19:50:51.204000+00:00,1.3251144886016846,0.7010384798049927,42984.0,0.2725300996033664,35584.80016541076,0.8854348659515381,114.0,0.0008745527754418994,0.0008730815182428085,0.3291976840363937,114.19210499499968,4,130572.0,4,25636712,Tensorflow 2.21.0,NVIDIA GeForce RTX 4090,ImageNet (ILSVRC 2012),ResNet50,Inference,PROJECT,https://github.com/raphischer/ai-energy-validation.git,fischer,main.py,local,file:///home/fischer/repos/ai-energy-validation#experiments/imagenet,luxuriant-mink-132,7e69f4af5b9b5ce6bd77fca6978f53af9fd3773f,conda
25a825822f264002a62a5dfb2695bdda,309806188325510521,FINISHED,file:///home/fischer/repos/ai-energy-validation/mlruns/309806188325510521/25a825822f264002a62a5dfb2695bdda/artifacts,2026-05-12 19:46:05.336000+00:00,2026-05-12 19:48:38.635000+00:00,1.1778558492660522,0.7247104048728943,23364.0,0.38264555402158296,17838.935728486198,0.8992921710014343,122.0,0.0026089631262977264,0.002616902616902617,0.5011583011583012,121.629860948,4,46620.0,4,20242984,Tensorflow 2.21.0,NVIDIA GeForce RTX 4090,ImageNet (ILSVRC 2012),DenseNet201,Inference,PROJECT,https://github.com/raphischer/ai-energy-validation.git,fischer,main.py,local,file:///home/fischer/repos/ai-energy-validation#experiments/imagenet,selective-wasp-279,7e69f4af5b9b5ce6bd77fca6978f53af9fd3773f,conda
81923dd2d1cc40caa5db88efea9dbeda,309806188325510521,FINISHED,file:///home/fischer/repos/ai-energy-validation/mlruns/309806188325510521/81923dd2d1cc40caa5db88efea9dbeda/artifacts,2026-05-12 19:43:48.911000+00:00,2026-05-12 19:46:02.311000+00:00,1.2983465194702148,0.692710816860199,24228.0,0.2280521082899322,18972.11099285604,0.8828493356704712,112.0,0.001334705560222121,0.0013462832964708145,0.2912299259544187,111.03682496599868,4,83192.0,4,8062504,Tensorflow 2.21.0,NVIDIA GeForce RTX 4090,ImageNet (ILSVRC 2012),DenseNet121,Inference,PROJECT,https://github.com/raphischer/ai-energy-validation.git,fischer,main.py,local,file:///home/fischer/repos/ai-energy-validation#experiments/imagenet,silent-tern-472,7e69f4af5b9b5ce6bd77fca6978f53af9fd3773f,conda

